case_id,baseline,seed,full_mean_over_paths,baseline_mean_over_paths,paired_difference,percent
n3_t150,fixed_schedule,202610001,844790.35,846668.7,-1878.3500000000233,-0.22185182941095813
n3_t150,fixed_schedule,203610001,825045.1900000001,854689.39,-29644.200000000023,-3.4684179243175057
n3_t150,fixed_schedule,204610001,817137.62,855502.45,-38364.82999999998,-4.484479267125414
n3_t150,fixed_schedule,205610001,827986.8699999999,840371.2699999999,-12384.40000000007,-1.4736819834404886
n3_t150,fixed_schedule,206610001,842655.1899999998,835747.19,6907.999999999976,0.8265657465147904
n3_t150,d2as2,202610001,844790.35,764363.7,80426.64999999995,10.522039442741724
n3_t150,d2as2,203610001,825045.1900000001,770899.43,54145.76000000005,7.0237125483410985
n3_t150,d2as2,204610001,817137.62,765273.8099999999,51863.80999999998,6.777157315758664
n3_t150,d2as2,205610001,827986.8699999999,766609.2899999998,61377.579999999914,8.00637049415356
n3_t150,d2as2,206610001,842655.1899999998,762029.3300000001,80625.85999999987,10.580414273555553
n3_t150,ppo,202610001,844790.35,715007.1599999999,129783.19000000003,18.151313337897214
n3_t150,ppo,203610001,825045.1900000001,778822.8600000001,46222.330000000075,5.934896415341475
n3_t150,ppo,204610001,817137.62,756998.8499999999,60138.77000000004,7.9443674187880395
n3_t150,ppo,205610001,827986.8699999999,791744.4499999998,36242.41999999995,4.5775401393719966
n3_t150,ppo,206610001,842655.1899999998,732710.27,109944.91999999997,15.005238018569033
n3_t150,no_exploration,202610001,844790.35,826022.4299999999,18767.919999999973,2.272083580103272
n3_t150,no_exploration,203610001,825045.1900000001,800730.1199999999,24315.070000000087,3.036612385706208
n3_t150,no_exploration,204610001,817137.62,802670.36,14467.25999999994,1.8023912082663684
n3_t150,no_exploration,205610001,827986.8699999999,804243.6799999999,23743.189999999897,2.952238306678387
n3_t150,no_exploration,206610001,842655.1899999998,804665.29,37989.89999999991,4.721205260388427
n3_t150,no_substitution,202610001,844790.35,792596.05,52194.299999999974,6.5852334237597985
n3_t150,no_substitution,203610001,825045.1900000001,792010.7799999999,33034.41000000022,4.170954592309988
n3_t150,no_substitution,204610001,817137.62,792332.1700000002,24805.449999999975,3.1306882314269573
n3_t150,no_substitution,205610001,827986.8699999999,792419.8099999999,35567.05999999992,4.488411262711862
n3_t150,no_substitution,206610001,842655.1899999998,792465.6699999999,50189.519999999975,6.3333368119277536
n3_t150,reset_all,202610001,844790.35,823303.3999999999,21486.95000000007,2.609845896421668
n3_t150,reset_all,203610001,825045.1900000001,819976.2,5068.990000000061,0.6181874547090644
n3_t150,reset_all,204610001,817137.62,815394.08,1743.5400000000604,0.21382789534111377
n3_t150,reset_all,205610001,827986.8699999999,814436.3800000001,13550.489999999874,1.6637874157831403
n3_t150,reset_all,206610001,842655.1899999998,816103.9099999999,26551.280000000006,3.253419040719939
n3_t150,no_reset,202610001,844790.35,843391.9399999998,1398.4100000001258,0.16580784492677855
n3_t150,no_reset,203610001,825045.1900000001,820827.0,4218.1900000000605,0.5138951325918933
n3_t150,no_reset,204610001,817137.62,803889.3699999999,13248.25000000007,1.6480190551593086
n3_t150,no_reset,205610001,827986.8699999999,827692.29,294.57999999988823,0.035590521206841454
n3_t150,no_reset,206610001,842655.1899999998,839539.43,3115.759999999916,0.3711272977374959
n3_t150,informed,202610001,844790.35,870268.3200000001,25477.97000000004,2.9275993868190087
n3_t150,informed,203610001,825045.1900000001,869949.03,44903.839999999924,5.161663321815528
n3_t150,informed,204610001,817137.62,870291.0900000001,53153.470000000016,6.10755075063449
n3_t150,informed,205610001,827986.8699999999,869515.1300000001,41528.26000000008,4.776025001428122
n3_t150,informed,206610001,842655.1899999998,869170.1300000001,26514.94000000006,3.0506041435179427
n3_t300,fixed_schedule,202610001,1693825.19,1703347.9500000004,-9522.76000000015,-0.559061347389444
n3_t300,fixed_schedule,203610001,1671383.75,1714931.6,-43547.85000000009,-2.53933451339984
n3_t300,fixed_schedule,204610001,1634280.0300000005,1721048.15,-86768.11999999965,-5.041585849878715
n3_t300,fixed_schedule,205610001,1679047.6600000001,1680876.8200000003,-1829.1600000002422,-0.1088217755302348
n3_t300,fixed_schedule,206610001,1671047.9199999995,1679282.8599999999,-8234.940000000643,-0.4903843298918927
n3_t300,d2as2,202610001,1693825.19,1603229.5899999999,90595.60000000028,5.650818857453854
n3_t300,d2as2,203610001,1671383.75,1618759.3500000003,52624.39999999986,3.2509094078745964
n3_t300,d2as2,204610001,1634280.0300000005,1605371.9600000002,28908.070000000298,1.8007085410910189
n3_t300,d2as2,205610001,1679047.6600000001,1607355.3299999998,71692.32999999993,4.460266417880377
n3_t300,d2as2,206610001,1671047.9199999995,1600383.2099999995,70664.70999999973,4.415486838305432
n3_t300,ppo,202610001,1693825.19,1579382.8,114442.39000000009,7.246019774306766
n3_t300,ppo,203610001,1671383.75,1586965.3,84418.44999999995,5.319489342331553
n3_t300,ppo,204610001,1634280.0300000005,1554851.55,79428.4800000004,5.108428518465344
n3_t300,ppo,205610001,1679047.6600000001,1589732.8700000003,89314.78999999966,5.618226287288115
n3_t300,ppo,206610001,1671047.9199999995,1448061.3699999999,222986.54999999944,15.398970970408499
n3_t300,no_exploration,202610001,1693825.19,1662952.2200000004,30872.96999999974,1.8565157572596702
n3_t300,no_exploration,203610001,1671383.75,1622281.7000000002,49102.049999999814,3.02672772552386
n3_t300,no_exploration,204610001,1634280.0300000005,1604393.52,29886.510000000522,1.8627917420160407
n3_t300,no_exploration,205610001,1679047.6600000001,1603827.9100000001,75219.74999999985,4.690013780842609
n3_t300,no_exploration,206610001,1671047.9199999995,1611598.9599999997,59448.95999999954,3.6888184638689356
n3_t300,no_substitution,202610001,1693825.19,1584143.38,109681.81000000014,6.923729971967567
n3_t300,no_substitution,203610001,1671383.75,1584001.3700000003,87382.3799999997,5.516559622672526
n3_t300,no_substitution,204610001,1634280.0300000005,1583705.9800000002,50574.05000000028,3.193398941386852
n3_t300,no_substitution,205610001,1679047.6600000001,1583802.5699999998,95245.0899999999,6.013697149133956
n3_t300,no_substitution,206610001,1671047.9199999995,1583760.7499999998,87287.1699999996,5.511386110559926
n3_t300,reset_all,202610001,1693825.19,1639753.8500000006,54071.339999999575,3.297527857611029
n3_t300,reset_all,203610001,1671383.75,1656494.5700000003,14889.179999999935,0.8988366318640996
n3_t300,reset_all,204610001,1634280.0300000005,1636544.6300000001,-2264.599999999674,-0.13837691673581962
n3_t300,reset_all,205610001,1679047.6600000001,1649695.11,29352.549999999766,1.7792712012100251
n3_t300,reset_all,206610001,1671047.9199999995,1645225.53,25822.38999999948,1.5695349682544393
n3_t300,no_reset,202610001,1693825.19,1689180.98,4644.210000000103,0.2749385681574489
n3_t300,no_reset,203610001,1671383.75,1660256.43,11127.319999999972,0.670216949558814
n3_t300,no_reset,204610001,1634280.0300000005,1600527.17,33752.86000000043,2.108858920526827
n3_t300,no_reset,205610001,1679047.6600000001,1678672.75,374.9100000000093,0.022333715728699893
n3_t300,no_reset,206610001,1671047.9199999995,1664613.6400000001,6434.279999999422,0.3865329374568461
n3_t300,informed,202610001,1693825.19,1739116.4300000004,45291.24000000013,2.6042672715132964
n3_t300,informed,203610001,1671383.75,1739029.9300000002,67646.18000000002,3.889880147146183
n3_t300,informed,204610001,1634280.0300000005,1739474.72,105194.68999999943,6.047497488207215
n3_t300,informed,205610001,1679047.6600000001,1738350.9,59303.240000000085,3.4114654296781945
n3_t300,informed,206610001,1671047.9199999995,1738305.0899999999,67257.17000000062,3.869123457493897
n3_t600,fixed_schedule,202610001,3389486.47,3412490.56,-23004.0899999992,-0.6741143922754134
n3_t600,fixed_schedule,203610001,3373157.0599999996,3427918.3699999996,-54761.309999999685,-1.5975091612231145
n3_t600,fixed_schedule,204610001,3261996.56,3442364.34,-180367.77999999962,-5.239648165772011
n3_t600,fixed_schedule,205610001,3352824.3899999997,3361476.55,-8652.159999999869,-0.2573916512968133
n3_t600,fixed_schedule,206610001,3328561.689999999,3360248.1799999997,-31686.489999999852,-0.9429806461497939
n3_t600,d2as2,202610001,3389486.47,3264157.2299999995,125329.24000000078,3.839558917325827
n3_t600,d2as2,203610001,3373157.0599999996,3278579.8999999994,94577.16000000015,2.8846989515186183
n3_t600,d2as2,204610001,3261996.56,3240768.909999999,21227.650000000187,0.655018934997153
n3_t600,d2as2,205610001,3352824.3899999997,3254720.0299999993,98104.36000000034,3.014218092362321
n3_t600,d2as2,206610001,3328561.689999999,3240779.2699999996,87782.41999999993,2.708682470682413
n3_t600,ppo,202610001,3389486.47,3180389.170000001,209097.29999999964,6.574582191776212
n3_t600,ppo,203610001,3373157.0599999996,3148503.9600000004,224653.099999999,7.135233204534358
n3_t600,ppo,204610001,3261996.56,3154596.2499999995,107400.31000000043,3.404565956736953
n3_t600,ppo,205610001,3352824.3899999997,3161932.180000001,190892.20999999874,6.037201278618143
n3_t600,ppo,206610001,3328561.689999999,3076480.4800000004,252081.2099999994,8.193817956550095
n3_t600,no_exploration,202610001,3389486.47,3338712.4899999993,50773.98000000138,1.5207652696084928
n3_t600,no_exploration,203610001,3373157.0599999996,3258809.5799999996,114347.47999999998,3.508872709279319
n3_t600,no_exploration,204610001,3261996.56,3240407.2800000003,21589.27999999989,0.666252052118578
n3_t600,no_exploration,205610001,3352824.3899999997,3241807.3699999996,111017.0200000004,3.424540922059784
n3_t600,no_exploration,206610001,3328561.689999999,3238593.790000001,89967.8999999986,2.7779927287515123
n3_t600,no_substitution,202610001,3389486.47,3168503.7600000002,220982.71000000034,6.974355302642909
n3_t600,no_substitution,203610001,3373157.0599999996,3169330.93,203826.1299999996,6.431203761987688
n3_t600,no_substitution,204610001,3261996.56,3168726.4900000016,93270.06999999862,2.9434560002052557
n3_t600,no_substitution,205610001,3352824.3899999997,3168507.25,184317.14000000004,5.817160115382398
n3_t600,no_substitution,206610001,3328561.689999999,3168953.8600000003,159607.8299999996,5.036609463288262
n3_t600,reset_all,202610001,3389486.47,3282465.970000001,107020.49999999953,3.260368910998917
n3_t600,reset_all,203610001,3373157.0599999996,3320205.9799999995,52951.080000000446,1.5948131025292618
n3_t600,reset_all,204610001,3261996.56,3266076.5,-4079.939999999851,-0.12491869066753164
n3_t600,reset_all,205610001,3352824.3899999997,3282712.1700000004,70112.21999999965,2.1358016289317034
n3_t600,reset_all,206610001,3328561.689999999,3305962.1399999997,22599.55000000028,0.6835997825431646
n3_t600,no_reset,202610001,3389486.47,3364334.920000001,25151.549999999534,0.7475935243688325
n3_t600,no_reset,203610001,3373157.0599999996,3338365.0500000003,34792.009999998845,1.0421871029352918
n3_t600,no_reset,204610001,3261996.56,3203685.3400000003,58311.21999999993,1.8201294388043656
n3_t600,no_reset,205610001,3352824.3899999997,3313481.2700000005,39343.119999999646,1.1873650941144198
n3_t600,no_reset,206610001,3328561.689999999,3363734.5200000005,-35172.83000000017,-1.0456482160191842
n3_t600,informed,202610001,3389486.47,3478021.4800000014,88535.01000000005,2.5455567341694834
n3_t600,informed,203610001,3373157.0599999996,3477879.8900000006,104722.83000000128,3.0111111744000163
n3_t600,informed,204610001,3261996.56,3477480.9,215484.34000000003,6.196564300324406
n3_t600,informed,205610001,3352824.3899999997,3477339.5200000005,124515.13000000027,3.580758487454248
n3_t600,informed,206610001,3328561.689999999,3476159.1099999994,147597.41999999955,4.245991490303227
n5_t150,fixed_schedule,202610001,1340704.8759740188,1339258.7023337658,1446.1736402530223,0.10798314304271077
n5_t150,fixed_schedule,203610001,1412027.8386121548,1359651.0760122593,52376.76259989575,3.8522208766613897
n5_t150,fixed_schedule,204610001,1332392.9080021945,1329316.4953579623,3076.4126442321112,0.23142815536970615
n5_t150,fixed_schedule,205610001,1346325.8988095638,1350730.1876589188,-4404.288849355327,-0.3260672552960746
n5_t150,fixed_schedule,206610001,1323790.5794178613,1321902.1921673927,1888.387250468321,0.1428537800797802
n5_t150,d2as2,202610001,1340704.8759740188,1282776.865482881,57928.01049113809,4.515829061925885
n5_t150,d2as2,203610001,1412027.8386121548,1288656.8628171452,123370.97579500978,9.57360949642616
n5_t150,d2as2,204610001,1332392.9080021945,1283902.0555642382,48490.8524379564,3.776834239637222
n5_t150,d2as2,205610001,1346325.8988095638,1283348.2127761338,62977.68603342995,4.907295261447161
n5_t150,d2as2,206610001,1323790.5794178613,1278258.9216345781,45531.657783283015,3.5620058669380836
n5_t150,ppo,202610001,1340704.8759740188,1223146.984240016,117557.89173400294,9.611100975492795
n5_t150,ppo,203610001,1412027.8386121548,1238796.4226343676,173231.41597778723,13.983848581787251
n5_t150,ppo,204610001,1332392.9080021945,1232245.4475941877,100147.46040800684,8.127233142028057
n5_t150,ppo,205610001,1346325.8988095638,1207014.8623444068,139311.036465157,11.54178302283459
n5_t150,ppo,206610001,1323790.5794178613,940860.5936171983,382929.98580066283,40.69997068624846
n5_t150,no_exploration,202610001,1340704.8759740188,1322238.9907768872,18465.885197131476,1.3965618413870817
n5_t150,no_exploration,203610001,1412027.8386121548,1354713.2004289564,57314.63818319864,4.230758079647433
n5_t150,no_exploration,204610001,1332392.9080021945,1315751.888199825,16641.019802369596,1.2647536326272872
n5_t150,no_exploration,205610001,1346325.8988095638,1338208.075291236,8117.823518327624,0.6066189308087392
n5_t150,no_exploration,206610001,1323790.5794178613,1315591.7733869806,8198.806030880427,0.6232028959692335
n5_t150,no_substitution,202610001,1340704.8759740188,1317105.754098915,23599.12187510375,1.7917408531290566
n5_t150,no_substitution,203610001,1412027.8386121548,1316529.713448941,95498.1251632139,7.253776666615092
n5_t150,no_substitution,204610001,1332392.9080021945,1316735.8929831856,15657.015019009215,1.1890778631040801
n5_t150,no_substitution,205610001,1346325.8988095638,1316882.8256426032,29443.073166960337,2.2358157152359546
n5_t150,no_substitution,206610001,1323790.5794178613,1316716.3538611603,7074.225556700677,0.5372626789328151
n5_t150,reset_all,202610001,1340704.8759740188,1328645.9490157284,12058.926958290534,0.9076102604477697
n5_t150,reset_all,203610001,1412027.8386121548,1341089.340056418,70938.4985557367,5.289617659085454
n5_t150,reset_all,204610001,1332392.9080021945,1326932.5514886002,5460.35651359437,0.41150219033127605
n5_t150,reset_all,205610001,1346325.8988095638,1326586.590119598,19739.30868996568,1.4879774028309962
n5_t150,reset_all,206610001,1323790.5794178613,1329579.097361975,-5788.517944113817,-0.435364692149464
n5_t150,no_reset,202610001,1340704.8759740188,1340642.441198085,62.434775934042406,0.004657078876158835
n5_t150,no_reset,203610001,1412027.8386121548,1378568.0679457767,33459.770666378274,2.42713954025041
n5_t150,no_reset,204610001,1332392.9080021945,1324826.0948763564,7566.8131258382,0.5711551995467191
n5_t150,no_reset,205610001,1346325.8988095638,1339046.8832967556,7279.015512807993,0.5435967630115511
n5_t150,no_reset,206610001,1323790.5794178613,1314589.668001197,9200.911416663836,0.6999074799252017
n5_t150,informed,202610001,1340704.8759740188,1456815.7911470977,116110.91517307893,7.970185103612384
n5_t150,informed,203610001,1412027.8386121548,1455739.747429588,43711.90881743301,3.0027282620135756
n5_t150,informed,204610001,1332392.9080021945,1456710.0735155563,124317.16551336189,8.534104882884522
n5_t150,informed,205610001,1346325.8988095638,1456052.8095290351,109726.91071947143,7.5359155932649715
n5_t150,informed,206610001,1323790.5794178613,1454522.8983695232,130732.31895166221,8.987986307964553
n5_t300,fixed_schedule,202610001,2703113.777397777,2673201.48948226,29912.28791551711,1.1189686985140226
n5_t300,fixed_schedule,203610001,2794357.3085841117,2722400.5484831356,71956.7601009761,2.643136409191105
n5_t300,fixed_schedule,204610001,2673903.34884725,2661906.388851572,11996.959995678068,0.4506905293861223
n5_t300,fixed_schedule,205610001,2691556.5122452034,2692311.820825436,-755.3085802329704,-0.028054275674547016
n5_t300,fixed_schedule,206610001,2666000.628457421,2648217.2033025203,17783.425154901204,0.6715244177374655
n5_t300,d2as2,202610001,2703113.777397777,2622211.0356410504,80902.74175672625,3.0852872120930677
n5_t300,d2as2,203610001,2794357.3085841117,2621552.8003646685,172804.50821944344,6.591685210208448
n5_t300,d2as2,204610001,2673903.34884725,2622685.1297287717,51218.21911847843,1.9528924207449576
n5_t300,d2as2,205610001,2691556.5122452034,2616801.137260444,74755.3749847589,2.8567465032142847
n5_t300,d2as2,206610001,2666000.628457421,2618837.6659955224,47162.962461898846,1.8009120257543756
n5_t300,ppo,202610001,2703113.777397777,2357608.29601636,345505.4813814169,14.654914557486745
n5_t300,ppo,203610001,2794357.3085841117,2542220.523996609,252136.7845875035,9.917974550497306
n5_t300,ppo,204610001,2673903.34884725,2403832.7040412775,270070.6448059726,11.235001685097922
n5_t300,ppo,205610001,2691556.5122452034,2478455.897328168,213100.61491703492,8.598120109652244
n5_t300,ppo,206610001,2666000.628457421,2431649.811335196,234350.81712222527,9.637523299193536
n5_t300,no_exploration,202610001,2703113.777397777,2676110.8235210986,27002.95387667855,1.0090372057592583
n5_t300,no_exploration,203610001,2794357.3085841117,2720105.511406135,74251.7971779773,2.7297395952700785
n5_t300,no_exploration,204610001,2673903.34884725,2628262.3160792077,45641.03276804248,1.7365478509819647
n5_t300,no_exploration,205610001,2691556.5122452034,2672950.733218613,18605.779026589917,0.6960763921071708
n5_t300,no_exploration,206610001,2666000.628457421,2641231.735747459,24768.892709961998,0.9377780970420071
n5_t300,no_substitution,202610001,2703113.777397777,2631396.82295082,71716.95444695753,2.7254328887778456
n5_t300,no_substitution,203610001,2794357.3085841117,2630453.151193762,163904.15739034937,6.231023628608095
n5_t300,no_substitution,204610001,2673903.34884725,2633122.561194981,40780.78765226891,1.5487614687316948
n5_t300,no_substitution,205610001,2691556.5122452034,2631927.1743773487,59629.33786785426,2.265615038606131
n5_t300,no_substitution,206610001,2666000.628457421,2632524.2440749733,33476.38438244788,1.2716458151446486
n5_t300,reset_all,202610001,2703113.777397777,2664922.997977144,38190.7794206325,1.4330912919293444
n5_t300,reset_all,203610001,2794357.3085841117,2687121.416361853,107235.89222225882,3.9907349020144958
n5_t300,reset_all,204610001,2673903.34884725,2660436.1923192455,13467.156528004725,0.5062010720980457
n5_t300,reset_all,205610001,2691556.5122452034,2675395.1366679966,16161.375577206538,0.6040743423543223
n5_t300,reset_all,206610001,2666000.628457421,2663697.4278777195,2303.2005797009915,0.08646629889703782
n5_t300,no_reset,202610001,2703113.777397777,2671406.3905873494,31707.38681042837,1.1869173826246697
n5_t300,no_reset,203610001,2794357.3085841117,2732990.3153049806,61366.9932791315,2.245415687551862
n5_t300,no_reset,204610001,2673903.34884725,2664182.2674802425,9721.081367007364,0.36488049206188733
n5_t300,no_reset,205610001,2691556.5122452034,2677804.0808687755,13752.431376428158,0.5135712307961715
n5_t300,no_reset,206610001,2666000.628457421,2628453.5951057984,37547.03335162243,1.4284837830706008
n5_t300,informed,202610001,2703113.777397777,2908645.445333577,205531.66793580045,7.066233124616153
n5_t300,informed,203610001,2794357.3085841117,2909062.430241967,114705.12165785515,3.943027157664489
n5_t300,informed,204610001,2673903.34884725,2909544.192294306,235640.84344705622,8.098892055708655
n5_t300,informed,205610001,2691556.5122452034,2908417.310473959,216860.79822875521,7.456316445641555
n5_t300,informed,206610001,2666000.628457421,2906968.449879738,240967.82142231715,8.28931670834907
n5_t600,fixed_schedule,202610001,5385999.936549398,5380649.185766857,5350.7507825406265,0.09944433464822523
n5_t600,fixed_schedule,203610001,5620056.109314004,5458391.578865317,161664.5304486871,2.961761319481844
n5_t600,fixed_schedule,204610001,5358502.717141623,5321195.409115042,37307.30802658051,0.7011076489067629
n5_t600,fixed_schedule,205610001,5410780.042245535,5383043.355787584,27736.6864579523,0.5152603206907191
n5_t600,fixed_schedule,206610001,5355226.9269267,5301075.911693213,54151.01523348801,1.021509899792993
n5_t600,d2as2,202610001,5385999.936549398,5351019.409046322,34980.52750307582,0.6537170738707966
n5_t600,d2as2,203610001,5620056.109314004,5347703.253992508,272352.8553214952,5.092893946913782
n5_t600,d2as2,204610001,5358502.717141623,5347359.473092696,11143.244048926048,0.20838778662625013
n5_t600,d2as2,205610001,5410780.042245535,5346872.621850165,63907.420395370944,1.1952299019469974
n5_t600,d2as2,206610001,5355226.9269267,5345289.529420632,9937.39750606846,0.18590943393005618
n5_t600,ppo,202610001,5385999.936549398,4951412.659202052,434587.2773473455,8.777036115939122
n5_t600,ppo,203610001,5620056.109314004,5062173.733500704,557882.3758132994,11.020609034441433
n5_t600,ppo,204610001,5358502.717141623,5089110.333162084,269392.3839795388,5.293506454833596
n5_t600,ppo,205610001,5410780.042245535,5111013.442580278,299766.5996652568,5.86511076585862
n5_t600,ppo,206610001,5355226.9269267,4766269.808451657,588957.1184750434,12.356772531649197
n5_t600,no_exploration,202610001,5385999.936549398,5360590.218603066,25409.717946331388,0.4740097062101783
n5_t600,no_exploration,203610001,5620056.109314004,5427258.19695851,192797.91235549265,3.5523998556681833
n5_t600,no_exploration,204610001,5358502.717141623,5264297.313445615,94205.40369600822,1.789515258862692
n5_t600,no_exploration,205610001,5410780.042245535,5352872.94651182,57907.09573371429,1.081794698143362
n5_t600,no_exploration,206610001,5355226.9269267,5307106.580573938,48120.346352762914,0.9067152811458812
n5_t600,no_substitution,202610001,5385999.936549398,5267447.629418972,118552.30713042655,2.2506594364280965
n5_t600,no_substitution,203610001,5620056.109314004,5265602.37603332,354453.73328068294,6.7314944799857965
n5_t600,no_substitution,204610001,5358502.717141623,5262409.301204845,96093.41593677737,1.826034624763537
n5_t600,no_substitution,205610001,5410780.042245535,5264140.293577852,146639.74866768476,2.7856352697624924
n5_t600,no_substitution,206610001,5355226.9269267,5267192.536694601,88034.3902320996,1.6713721706354165
n5_t600,reset_all,202610001,5385999.936549398,5345090.867791708,40909.06875769086,0.7653577791202608
n5_t600,reset_all,203610001,5620056.109314004,5390705.961623939,229350.14769006483,4.254547536496944
n5_t600,reset_all,204610001,5358502.717141623,5356654.221277669,1848.495863953419,0.03450840370862508
n5_t600,reset_all,205610001,5410780.042245535,5345568.376574226,65211.66567131002,1.2199201483809503
n5_t600,reset_all,206610001,5355226.9269267,5345113.315839237,10113.61108746361,0.189212285874165
n5_t600,no_reset,202610001,5385999.936549398,5346586.658992009,39413.27755738814,0.7371670950306725
n5_t600,no_reset,203610001,5620056.109314004,5567163.205659563,52892.90365444087,0.950087175469734
n5_t600,no_reset,204610001,5358502.717141623,5312023.087637858,46479.62950376365,0.8749892223159124
n5_t600,no_reset,205610001,5410780.042245535,5361639.336231837,49140.70601369794,0.9165239012185077
n5_t600,no_reset,206610001,5355226.9269267,5283166.525805541,72060.40112115946,1.3639623276908124
n5_t600,informed,202610001,5385999.936549398,5818649.902707854,432649.96615845634,7.435573086414973
n5_t600,informed,203610001,5620056.109314004,5818861.087011052,198804.97769704965,3.4165616728817216
n5_t600,informed,204610001,5358502.717141623,5818064.437694943,459561.7205533199,7.898876430034755
n5_t600,informed,205610001,5410780.042245535,5817509.4074751455,406729.36522960925,6.991468973079577
n5_t600,informed,206610001,5355226.9269267,5816676.171501015,461449.24457431457,7.933211871673376
n10_t150,fixed_schedule,202610001,2622147.9094461696,2628610.0654761903,-6462.156030020956,-0.24583927889852364
n10_t150,fixed_schedule,203610001,2624873.0577639746,2624106.036154244,767.0216097305529,0.029229825287649603
n10_t150,fixed_schedule,204610001,2624751.6947204964,2623529.123369565,1222.5713509316556,0.04660025840923122
n10_t150,fixed_schedule,205610001,2630000.618530021,2627011.6099896478,2989.00854037283,0.11377979941189047
n10_t150,fixed_schedule,206610001,2618526.839259834,2619087.5448240163,-560.7055641822517,-0.02140843154671743
n10_t150,d2as2,202610001,2622147.9094461696,2490125.4709886126,132022.4384575569,5.301838802730786
n10_t150,d2as2,203610001,2624873.0577639746,2490829.9984213244,134043.05934265032,5.38146157817298
n10_t150,d2as2,204610001,2624751.6947204964,2493835.644332298,130916.050388199,5.249586141962853
n10_t150,d2as2,205610001,2630000.618530021,2492040.338535196,137960.27999482435,5.536037192556722
n10_t150,d2as2,206610001,2618526.839259834,2491452.888716356,127073.95054347832,5.100395480845277
n10_t150,ppo,202610001,2622147.9094461696,2272529.5026138714,349618.4068322978,15.384548646350508
n10_t150,ppo,203610001,2624873.0577639746,2280693.6596532087,344179.39811076625,15.09099640164301
n10_t150,ppo,204610001,2624751.6947204964,2265552.5446169777,359199.15010351955,15.854814356744315
n10_t150,ppo,205610001,2630000.618530021,2290769.939233954,339230.67929606664,14.808587867601736
n10_t150,ppo,206610001,2618526.839259834,2281763.7633540365,336763.07590579736,14.75889315600222
n10_t150,no_exploration,202610001,2622147.9094461696,2629864.381702898,-7716.472256728914,-0.2934171172633569
n10_t150,no_exploration,203610001,2624873.0577639746,2622366.3671842646,2506.690579710249,0.0955888777052
n10_t150,no_exploration,204610001,2624751.6947204964,2623718.904787784,1032.7899327125401,0.03936358924836816
n10_t150,no_exploration,205610001,2630000.618530021,2629736.879037267,263.7394927538,0.010029120968579181
n10_t150,no_exploration,206610001,2618526.839259834,2619068.170729813,-541.3314699793234,-0.02066885757419186
n10_t150,no_substitution,202610001,2622147.9094461696,2619999.9237577636,2147.9856884056703,0.0819841889661306
n10_t150,no_substitution,203610001,2624873.0577639746,2619574.8876552787,5298.17010869598,0.20225305005264615
n10_t150,no_substitution,204610001,2624751.6947204964,2616326.6202380946,8425.074482401926,0.3220192164552881
n10_t150,no_substitution,205610001,2630000.618530021,2623608.791433747,6391.827096273657,0.2436272937163442
n10_t150,no_substitution,206610001,2618526.839259834,2618431.136154244,95.7031055899337,0.0036549789020001544
n10_t150,reset_all,202610001,2622147.9094461696,2609388.3255693577,12759.58387681162,0.4889875436239568
n10_t150,reset_all,203610001,2624873.0577639746,2619218.734912008,5654.32285196688,0.2158782226394145
n10_t150,reset_all,204610001,2624751.6947204964,2605578.0137681155,19173.68095238097,0.7358705381710073
n10_t150,reset_all,205610001,2630000.618530021,2613263.224456521,16737.394073499367,0.6404786902773906
n10_t150,reset_all,206610001,2618526.839259834,2613341.516045548,5185.323214285728,0.19841735886599032
n10_t150,no_reset,202610001,2622147.9094461696,2581259.5139233945,40888.395522774474,1.5840482253807433
n10_t150,no_reset,203610001,2624873.0577639746,2611336.9570393367,13536.100724638067,0.5183590224979943
n10_t150,no_reset,204610001,2624751.6947204964,2618884.625207039,5867.069513457548,0.224029323666503
n10_t150,no_reset,205610001,2630000.618530021,2607954.826682194,22045.791847826353,0.8453287465823662
n10_t150,no_reset,206610001,2618526.839259834,2587266.8619306413,31259.97732919287,1.2082239288554182
n10_t150,informed,202610001,2622147.9094461696,2668941.670833332,46793.76138716312,1.753270290562469
n10_t150,informed,203610001,2624873.0577639746,2668067.0921583837,43194.03439440904,1.618926095275453
n10_t150,informed,204610001,2624751.6947204964,2668463.625595237,43711.930874740516,1.6380935627327564
n10_t150,informed,205610001,2630000.618530021,2668490.010843685,38489.39231366422,1.442365988152784
n10_t150,informed,206610001,2618526.839259834,2669213.1861542435,50686.34689440951,1.898924640314606
n10_t300,fixed_schedule,202610001,5249017.7314441,5256296.432841614,-7278.701397514529,-0.13847585444451468
n10_t300,fixed_schedule,203610001,5246244.739544513,5258481.835351964,-12237.095807451755,-0.23271157323742458
n10_t300,fixed_schedule,204610001,5235782.447127329,5236895.881987577,-1113.43486024905,-0.02126135186452347
n10_t300,fixed_schedule,205610001,5251009.924301242,5257970.432738094,-6960.508436852321,-0.13238013651641078
n10_t300,fixed_schedule,206610001,5241249.918219462,5238667.240734989,2582.6774844732136,0.04930027745207313
n10_t300,d2as2,202610001,5249017.7314441,5006953.826915113,242063.90452898628,4.8345543597338745
n10_t300,d2as2,203610001,5246244.739544513,5010089.336206004,236155.40333850944,4.7135966544928385
n10_t300,d2as2,204610001,5235782.447127329,5014134.966821946,221647.48030538298,4.420453014767318
n10_t300,d2as2,205610001,5251009.924301242,5013644.841123187,237365.0831780551,4.734381686375685
n10_t300,d2as2,206610001,5241249.918219462,5012350.182789854,228899.7354296077,4.56671475619454
n10_t300,ppo,202610001,5249017.7314441,4616181.471402691,632836.2600414094,13.709085398003495
n10_t300,ppo,203610001,5246244.739544513,4940968.906987578,305275.8325569358,6.178460911284228
n10_t300,ppo,204610001,5235782.447127329,4548675.314570392,687107.1325569367,15.105653515342912
n10_t300,ppo,205610001,5251009.924301242,4657974.921092131,593035.003209111,12.731605756908314
n10_t300,ppo,206610001,5241249.918219462,4744469.324094201,496780.5941252593,10.470730448238367
n10_t300,no_exploration,202610001,5249017.7314441,5253612.447593167,-4594.716149067879,-0.08745822412485868
n10_t300,no_exploration,203610001,5246244.739544513,5249539.62116977,-3294.8816252568736,-0.06276515395693355
n10_t300,no_exploration,204610001,5235782.447127329,5236671.311154243,-888.8640269147232,-0.016973836509847705
n10_t300,no_exploration,205610001,5251009.924301242,5252983.19384058,-1973.269539337419,-0.03756474114844638
n10_t300,no_exploration,206610001,5241249.918219462,5237218.868348861,4031.0498706012963,0.07696928411685405
n10_t300,no_substitution,202610001,5249017.7314441,5234879.514855073,14138.216589027643,0.27007721092542664
n10_t300,no_substitution,203610001,5246244.739544513,5236586.5479813665,9658.19156314712,0.1844367790859733
n10_t300,no_substitution,204610001,5235782.447127329,5235859.122619046,-76.67549171820284,-0.0014644299993762746
n10_t300,no_substitution,205610001,5251009.924301242,5247420.394591097,3589.5297101451083,0.06840560580672476
n10_t300,no_substitution,206610001,5241249.918219462,5237833.2039337475,3416.7142857151107,0.06523144500188573
n10_t300,reset_all,202610001,5249017.7314441,5228043.537525878,20974.193918221445,0.4011862901996311
n10_t300,reset_all,203610001,5246244.739544513,5245723.793090062,520.9464544516056,0.009930878464030181
n10_t300,reset_all,204610001,5235782.447127329,5227215.73716356,8566.709963768162,0.16388667303058868
n10_t300,reset_all,205610001,5251009.924301242,5220149.640890268,30860.283410974407,0.5911762216401085
n10_t300,reset_all,206610001,5241249.918219462,5227358.267313665,13891.650905797816,0.2657489729116303
n10_t300,no_reset,202610001,5249017.7314441,5164202.564001033,84815.16744306628,1.6423671688307127
n10_t300,no_reset,203610001,5246244.739544513,5240016.347308488,6228.392236025631,0.11886207643654127
n10_t300,no_reset,204610001,5235782.447127329,5225602.701759833,10179.745367494785,0.19480519183113612
n10_t300,no_reset,205610001,5251009.924301242,5215406.87176501,35603.05253623184,0.6826514864828471
n10_t300,no_reset,206610001,5241249.918219462,5220403.21203416,20846.70618530195,0.39933134163364226
n10_t300,informed,202610001,5249017.7314441,5336640.240916148,87622.50947204772,1.641903997954444
n10_t300,informed,203610001,5246244.739544513,5336943.081884055,90698.3423395427,1.6994436880433101
n10_t300,informed,204610001,5235782.447127329,5337056.612448238,101274.16532091014,1.8975658808770202
n10_t300,informed,205610001,5251009.924301242,5336547.171687369,85537.24738612697,1.6028575150602604
n10_t300,informed,206610001,5241249.918219462,5336658.763975153,95408.84575569164,1.787801131294797
n10_t600,fixed_schedule,202610001,10465710.04350414,10485148.436645966,-19438.393141826615,-0.18538977544551244
n10_t600,fixed_schedule,203610001,10514629.181858176,10521781.451863352,-7152.270005173981,-0.06797584646570676
n10_t600,fixed_schedule,204610001,10487040.177458594,10489347.453649068,-2307.276190475002,-0.021996374900060792
n10_t600,fixed_schedule,205610001,10512326.170445133,10520288.33071946,-7962.160274327919,-0.0756838598337379
n10_t600,fixed_schedule,206610001,10501218.705150107,10499931.31438923,1287.3907608743757,0.01226094459410399
n10_t600,d2as2,202610001,10465710.04350414,10143065.66865942,322644.37484471797,3.1809354822737896
n10_t600,d2as2,203610001,10514629.181858176,10140626.850284677,374002.3315734997,3.688157912673811
n10_t600,d2as2,204610001,10487040.177458594,10143583.500051755,343456.67740683706,3.385950117185763
n10_t600,d2as2,205610001,10512326.170445133,10138024.611878878,374301.5585662555,3.6920561243033547
n10_t600,d2as2,206610001,10501218.705150107,10146930.080564177,354288.62458592653,3.491584368601775
n10_t600,ppo,202610001,10465710.04350414,9522045.84060559,943664.2028985489,9.910309388287223
n10_t600,ppo,203610001,10514629.181858176,9832485.749223601,682143.4326345746,6.937649847989245
n10_t600,ppo,204610001,10487040.177458594,9576552.615217388,910487.5622412056,9.507466818429188
n10_t600,ppo,205610001,10512326.170445133,9519207.105926499,993119.0645186342,10.432791864569634
n10_t600,ppo,206610001,10501218.705150107,9437278.038742233,1063940.6664078708,11.273808634652372
n10_t600,no_exploration,202610001,10465710.04350414,10462726.353959626,2983.6895445138216,0.028517323722077874
n10_t600,no_exploration,203610001,10514629.181858176,10514447.963535195,181.21832298152148,0.0017235172365646409
n10_t600,no_exploration,204610001,10487040.177458594,10492451.1313147,-5410.953856108337,-0.05156996957515357
n10_t600,no_exploration,205610001,10512326.170445133,10521225.990476191,-8899.820031057297,-0.08458919178348756
n10_t600,no_exploration,206610001,10501218.705150107,10493512.573576603,7706.131573502719,0.0734371023951352
n10_t600,no_substitution,202610001,10465710.04350414,10477748.446247414,-12038.402743273973,-0.11489493954768382
n10_t600,no_substitution,203610001,10514629.181858176,10503801.837603519,10827.34425465688,0.10308024105991631
n10_t600,no_substitution,204610001,10487040.177458594,10478701.195134573,8338.982324019447,0.07958030455046146
n10_t600,no_substitution,205610001,10512326.170445133,10504632.835740162,7693.334704969451,0.07323754028599387
n10_t600,no_substitution,206610001,10501218.705150107,10517577.002510352,-16358.297360247001,-0.15553294600401513
n10_t600,reset_all,202610001,10465710.04350414,10461279.346506208,4430.696997930854,0.04235329973681434
n10_t600,reset_all,203610001,10514629.181858176,10488352.960377846,26276.221480330823,0.250527624114052
n10_t600,reset_all,204610001,10487040.177458594,10454173.124870602,32867.05258799307,0.3143916998064675
n10_t600,reset_all,205610001,10512326.170445133,10452396.357738093,59929.81270704009,0.5733595498669869
n10_t600,reset_all,206610001,10501218.705150107,10447405.536361283,53813.168788821626,0.5150864355895078
n10_t600,no_reset,202610001,10465710.04350414,10391201.050698757,74508.99280538224,0.7170392762285345
n10_t600,no_reset,203610001,10514629.181858176,10470608.766097307,44020.41576086916,0.42041887672665684
n10_t600,no_reset,204610001,10487040.177458594,10487863.935610766,-823.7581521727145,-0.007854393966486918
n10_t600,no_reset,205610001,10512326.170445133,10454319.743840575,58006.42660455629,0.5548560597520822
n10_t600,no_reset,206610001,10501218.705150107,10392483.320729813,108735.38442029133,1.0462887556759473
n10_t600,informed,202610001,10465710.04350414,10673153.202225674,207443.15872153416,1.9435976865606726
n10_t600,informed,203610001,10514629.181858176,10673354.66645963,158725.48460145184,1.4871189945578982
n10_t600,informed,204610001,10487040.177458594,10672553.474482398,185513.29702380634,1.7382278521008014
n10_t600,informed,205610001,10512326.170445133,10672240.375646997,159914.20520186386,1.4984127003620789
n10_t600,informed,206610001,10501218.705150107,10673555.697929606,172336.9927795004,1.6146165125922174
seasons_3,fixed_schedule,202610001,1646828.4300000002,1665332.6700000004,-18504.240000000224,-1.1111437572410214
seasons_3,fixed_schedule,203610001,1670052.3100000003,1726904.6800000004,-56852.37000000007,-3.2921544922792205
seasons_3,fixed_schedule,204610001,1666279.78,1657979.54,8300.240000000038,0.5006237893623218
seasons_3,fixed_schedule,205610001,1644203.2300000004,1697353.7400000002,-53150.50999999978,-3.131374960177704
seasons_3,fixed_schedule,206610001,1689074.5699999996,1697741.17,-8666.600000000279,-0.5104782845078986
seasons_3,d2as2,202610001,1646828.4300000002,1584892.5100000002,61935.91999999997,3.9078940438679917
seasons_3,d2as2,203610001,1670052.3100000003,1585731.24,84321.07000000021,5.317488100947062
seasons_3,d2as2,204610001,1666279.78,1586280.8099999998,79998.97000000016,5.043178326036751
seasons_3,d2as2,205610001,1644203.2300000004,1586741.0400000003,57462.19000000018,3.6213968474654292
seasons_3,d2as2,206610001,1689074.5699999996,1586866.73,102207.84,6.440858458227279
seasons_3,ppo,202610001,1646828.4300000002,1513608.42,133220.01000000015,8.801484468486258
seasons_3,ppo,203610001,1670052.3100000003,1582118.97,87933.34000000027,5.557947390012036
seasons_3,ppo,204610001,1666279.78,1548836.5000000002,117443.2799999998,7.582677706781818
seasons_3,ppo,205610001,1644203.2300000004,1487467.57,156735.6600000002,10.537080818508223
seasons_3,ppo,206610001,1689074.5699999996,1345617.08,343457.48999999976,25.52416249056526
seasons_3,no_exploration,202610001,1646828.4300000002,1584310.23,62518.200000000186,3.9460832112407798
seasons_3,no_exploration,203610001,1670052.3100000003,1612670.6200000003,57381.69000000004,3.5581779247643226
seasons_3,no_exploration,204610001,1666279.78,1588568.47,77711.3100000002,4.891908121530327
seasons_3,no_exploration,205610001,1644203.2300000004,1589137.84,55065.38999999994,3.4651109937700784
seasons_3,no_exploration,206610001,1689074.5699999996,1621420.8699999999,67653.69999999987,4.172494708298637
seasons_3,no_substitution,202610001,1646828.4300000002,1587720.0099999998,59108.420000000064,3.7228490935250225
seasons_3,no_substitution,203610001,1670052.3100000003,1587388.3300000003,82663.97999999998,5.207546158538281
seasons_3,no_substitution,204610001,1666279.78,1587704.6599999997,78575.12000000016,4.948975837861455
seasons_3,no_substitution,205610001,1644203.2300000004,1587501.67,56701.5600000001,3.5717480536571986
seasons_3,no_substitution,206610001,1689074.5699999996,1587309.9,101764.66999999984,6.411140634856477
seasons_3,reset_all,202610001,1646828.4300000002,1649465.3699999999,-2636.9399999998977,-0.15986634505698724
seasons_3,reset_all,203610001,1670052.3100000003,1675939.4900000002,-5887.179999999888,-0.35127640556998474
seasons_3,reset_all,204610001,1666279.78,1647227.54,19052.23999999999,1.1566246640096844
seasons_3,reset_all,205610001,1644203.2300000004,1665275.2900000003,-21072.06000000001,-1.265379972100578
seasons_3,reset_all,206610001,1689074.5699999996,1652210.61,36863.95999999954,2.2311901265420087
seasons_3,no_reset,202610001,1646828.4300000002,1618093.8400000003,28734.58999999985,1.7758296391512032
seasons_3,no_reset,203610001,1670052.3100000003,1627667.6300000001,42384.68000000021,2.6040132038504793
seasons_3,no_reset,204610001,1666279.78,1633395.3399999999,32884.43999999999,2.0132566314288725
seasons_3,no_reset,205610001,1644203.2300000004,1597249.5000000002,46953.72999999998,2.93966158699691
seasons_3,no_reset,206610001,1689074.5699999996,1657959.0300000003,31115.539999999666,1.8767375693233708
seasons_3,informed,202610001,1646828.4300000002,1741779.3800000001,94950.94999999987,5.451376396475652
seasons_3,informed,203610001,1670052.3100000003,1741431.5400000003,71379.22999999998,4.098882348254699
seasons_3,informed,204610001,1666279.78,1741575.85,75296.07000000007,4.3234447698617355
seasons_3,informed,205610001,1644203.2300000004,1740652.5799999996,96449.34999999954,5.540987966708393
seasons_3,informed,206610001,1689074.5699999996,1740837.45,51762.88000000026,2.9734470613554618
seasons_10,fixed_schedule,202610001,1701800.4799999997,1690742.8199999996,11057.659999999869,0.6540119448799523
seasons_10,fixed_schedule,203610001,1673133.64,1722437.9699999995,-49304.330000000075,-2.862473474153593
seasons_10,fixed_schedule,204610001,1641357.6800000002,1676648.7599999995,-35291.079999999514,-2.1048582650071195
seasons_10,fixed_schedule,205610001,1687995.23,1718868.6400000001,-30873.409999999963,-1.7961471447870587
seasons_10,fixed_schedule,206610001,1703764.7800000005,1728822.4900000002,-25057.709999999777,-1.4494090714888679
seasons_10,d2as2,202610001,1701800.4799999997,1529553.0100000002,172247.46999999933,11.261294566051
seasons_10,d2as2,203610001,1673133.64,1530616.9500000002,142516.68999999977,9.311061791129367
seasons_10,d2as2,204610001,1641357.6800000002,1527306.3599999999,114051.32000000011,7.467481507770341
seasons_10,d2as2,205610001,1687995.23,1530253.9699999997,157741.26000000033,10.308175184802838
seasons_10,d2as2,206610001,1703764.7800000005,1528764.65,175000.13000000003,11.447159639647646
seasons_10,ppo,202610001,1701800.4799999997,1589501.8300000003,112298.64999999921,7.065021749613174
seasons_10,ppo,203610001,1673133.64,1574145.9899999998,98987.64999999976,6.2883398762779406
seasons_10,ppo,204610001,1641357.6800000002,1547811.09,93546.59000000013,6.043798923807948
seasons_10,ppo,205610001,1687995.23,1575311.5699999998,112683.66000000034,7.153103052496476
seasons_10,ppo,206610001,1703764.7800000005,1420007.59,283757.19000000024,19.982793894784773
seasons_10,no_exploration,202610001,1701800.4799999997,1628095.9300000002,73704.54999999935,4.52703975496085
seasons_10,no_exploration,203610001,1673133.64,1598566.36,74567.2799999996,4.664634629243655
seasons_10,no_exploration,204610001,1641357.6800000002,1598246.3399999999,43111.34000000027,2.6974152182322735
seasons_10,no_exploration,205610001,1687995.23,1615469.7799999998,72525.45000000033,4.489434027048169
seasons_10,no_exploration,206610001,1703764.7800000005,1615797.1600000001,87967.62000000026,5.444224199527639
seasons_10,no_substitution,202610001,1701800.4799999997,1584841.89,116958.58999999953,7.379827018580374
seasons_10,no_substitution,203610001,1673133.64,1584450.1,88683.53999999976,5.597117889670353
seasons_10,no_substitution,204610001,1641357.6800000002,1584691.0699999998,56666.61000000006,3.575877410604727
seasons_10,no_substitution,205610001,1687995.23,1584889.6900000004,103105.53999999985,6.505534148562702
seasons_10,no_substitution,206610001,1703764.7800000005,1584514.94,119249.8400000004,7.525952390199651
seasons_10,reset_all,202610001,1701800.4799999997,1615267.8499999999,86532.6299999997,5.357169091181992
seasons_10,reset_all,203610001,1673133.64,1621686.6300000001,51447.00999999973,3.172438438368316
seasons_10,reset_all,204610001,1641357.6800000002,1616886.94,24470.740000000224,1.5134478110139367
seasons_10,reset_all,205610001,1687995.23,1615876.9100000004,72118.31999999998,4.463107279625623
seasons_10,reset_all,206610001,1703764.7800000005,1621734.6600000001,82030.12000000026,5.05817147670756
seasons_10,no_reset,202610001,1701800.4799999997,1688170.4100000001,13630.069999999367,0.8073870931074784
seasons_10,no_reset,203610001,1673133.64,1656817.7900000003,16315.849999999768,0.9847703289086258
seasons_10,no_reset,204610001,1641357.6800000002,1634468.72,6888.959999999963,0.42148007580103436
seasons_10,no_reset,205610001,1687995.23,1645791.8300000003,42203.400000000096,2.5643218802465233
seasons_10,no_reset,206610001,1703764.7800000005,1665619.85,38144.93000000036,2.2901342103962317
seasons_10,informed,202610001,1701800.4799999997,1740419.3300000005,38618.8500000007,2.2189393862915083
seasons_10,informed,203610001,1673133.64,1740299.75,67166.11000000038,3.8594563953709757
seasons_10,informed,204610001,1641357.6800000002,1740627.1600000001,99269.48000000007,5.703086926438628
seasons_10,informed,205610001,1687995.23,1739249.81,51254.57999999984,2.9469360700979506
seasons_10,informed,206610001,1703764.7800000005,1739609.52,35844.7399999998,2.060504934463656
capacity_0.8,fixed_schedule,202610001,1564517.2000000002,1603907.81,-39390.60999999973,-2.455914844631866
capacity_0.8,fixed_schedule,203610001,1541850.6400000001,1559608.6,-17757.960000000057,-1.1386164451773324
capacity_0.8,fixed_schedule,204610001,1547813.66,1584321.4299999997,-36507.76999999988,-2.304315860955046
capacity_0.8,fixed_schedule,205610001,1557288.7999999998,1576497.0999999999,-19208.3,-1.2184164499890326
capacity_0.8,fixed_schedule,206610001,1570270.2100000004,1597235.86,-26965.64999999986,-1.6882697587317925
capacity_0.8,d2as2,202610001,1564517.2000000002,1301363.0899999999,263154.1100000002,20.22142106397073
capacity_0.8,d2as2,203610001,1541850.6400000001,1301551.2399999998,240299.40000000023,18.462538593563202
capacity_0.8,d2as2,204610001,1547813.66,1300637.65,247176.00999999995,19.004217662006017
capacity_0.8,d2as2,205610001,1557288.7999999998,1303753.3,253535.49999999985,19.446585485152735
capacity_0.8,d2as2,206610001,1570270.2100000004,1301729.05,268541.1600000003,20.629574180586996
capacity_0.8,ppo,202610001,1564517.2000000002,1179866.7,384650.5000000002,32.6011828285348
capacity_0.8,ppo,203610001,1541850.6400000001,1200772.91,341077.7300000001,28.404848840235765
capacity_0.8,ppo,204610001,1547813.66,1119196.6,428617.05999999994,38.29685150937733
capacity_0.8,ppo,205610001,1557288.7999999998,1160836.05,396452.7499999998,34.152346491995985
capacity_0.8,ppo,206610001,1570270.2100000004,1202608.42,367661.7900000003,30.572028590985628
capacity_0.8,no_exploration,202610001,1564517.2000000002,1564682.02,-164.8199999997858,-0.010533769666493154
capacity_0.8,no_exploration,203610001,1541850.6400000001,1537221.25,4629.38999999999,0.3011531358937518
capacity_0.8,no_exploration,204610001,1547813.66,1549018.8900000001,-1205.2300000000746,-0.07780602339847606
capacity_0.8,no_exploration,205610001,1557288.7999999998,1548847.2000000002,8441.599999999768,0.5450247125733014
capacity_0.8,no_exploration,206610001,1570270.2100000004,1568685.7300000002,1584.480000000028,0.10100684730524156
capacity_0.8,no_substitution,202610001,1564517.2000000002,1578718.5900000003,-14201.38999999999,-0.899551705411927
capacity_0.8,no_substitution,203610001,1541850.6400000001,1576775.6800000002,-34925.03999999999,-2.214965669688667
capacity_0.8,no_substitution,204610001,1547813.66,1577812.0499999998,-29998.390000000036,-1.9012651094913302
capacity_0.8,no_substitution,205610001,1557288.7999999998,1576103.05,-18814.25000000037,-1.1937195350266108
capacity_0.8,no_substitution,206610001,1570270.2100000004,1577594.8199999998,-7324.60999999973,-0.4642896837097503
capacity_0.8,reset_all,202610001,1564517.2000000002,1555165.2200000002,9351.980000000029,0.6013496109435871
capacity_0.8,reset_all,203610001,1541850.6400000001,1546967.4499999997,-5116.809999999683,-0.33076390844549386
capacity_0.8,reset_all,204610001,1547813.66,1530494.35,17319.30999999996,1.1316154156335057
capacity_0.8,reset_all,205610001,1557288.7999999998,1557161.3500000003,127.44999999953434,0.00818476518181547
capacity_0.8,reset_all,206610001,1570270.2100000004,1565848.35,4421.8600000002425,0.28239388571698754
capacity_0.8,no_reset,202610001,1564517.2000000002,1565557.5800000003,-1040.3800000000278,-0.06645427886466627
capacity_0.8,no_reset,203610001,1541850.6400000001,1523129.31,18721.330000000307,1.229135955633345
capacity_0.8,no_reset,204610001,1547813.66,1544869.3,2944.359999999916,0.19058958579860896
capacity_0.8,no_reset,205610001,1557288.7999999998,1563500.6700000002,-6211.8700000002045,-0.3973052342855948
capacity_0.8,no_reset,206610001,1570270.2100000004,1547186.3600000003,23083.85000000014,1.4919889805647
capacity_0.8,informed,202610001,1564517.2000000002,1625285.56,60768.3600000001,3.7389343445591106
capacity_0.8,informed,203610001,1541850.6400000001,1625297.4300000004,83446.79000000018,5.1342473358861
capacity_0.8,informed,204610001,1547813.66,1627069.4900000002,79255.83000000012,4.871078370475763
capacity_0.8,informed,205610001,1557288.7999999998,1624971.0399999998,67682.23999999999,4.165135152193235
capacity_0.8,informed,206610001,1570270.2100000004,1626085.6800000002,55815.469999999834,3.4325048603834785
capacity_0.9,fixed_schedule,202610001,1647518.02,1597006.69,50511.33000000003,3.162875291399066
capacity_0.9,fixed_schedule,203610001,1619839.0899999999,1652965.13,-33126.04000000004,-2.00403743544185
capacity_0.9,fixed_schedule,204610001,1643432.3299999996,1634200.8299999996,9231.499999999814,0.5648938508983625
capacity_0.9,fixed_schedule,205610001,1672850.15,1639393.6800000002,33456.46999999993,2.0407831510000536
capacity_0.9,fixed_schedule,206610001,1648418.69,1659373.6599999995,-10954.969999999646,-0.6601870491303031
capacity_0.9,d2as2,202610001,1647518.02,1469635.9199999997,177882.1,12.103820924572963
capacity_0.9,d2as2,203610001,1619839.0899999999,1469391.6300000001,150447.45999999982,10.238758471762884
capacity_0.9,d2as2,204610001,1643432.3299999996,1469820.9800000002,173611.34999999954,11.811734378699601
capacity_0.9,d2as2,205610001,1672850.15,1468944.7100000002,203905.4399999998,13.88108337991834
capacity_0.9,d2as2,206610001,1648418.69,1469691.0699999998,178727.61999999997,12.160897187733482
capacity_0.9,ppo,202610001,1647518.02,1467866.0299999998,179651.9899999999,12.238990911180107
capacity_0.9,ppo,203610001,1619839.0899999999,1488106.1700000002,131732.91999999984,8.852387192239092
capacity_0.9,ppo,204610001,1643432.3299999996,1402262.16,241170.16999999978,17.198650643186415
capacity_0.9,ppo,205610001,1672850.15,1449355.4200000002,223494.7299999999,15.420284556565132
capacity_0.9,ppo,206610001,1648418.69,1401075.81,247342.87999999995,17.653782774252583
capacity_0.9,no_exploration,202610001,1647518.02,1582266.81,65251.20999999987,4.123906890267133
capacity_0.9,no_exploration,203610001,1619839.0899999999,1621264.6800000002,-1425.59000000027,-0.08793073811984337
capacity_0.9,no_exploration,204610001,1643432.3299999996,1606274.8099999998,37157.52000000002,2.3132729075169767
capacity_0.9,no_exploration,205610001,1672850.15,1609986.02,62864.12999999993,3.9046382526973673
capacity_0.9,no_exploration,206610001,1648418.69,1652152.9600000002,-3734.270000000298,-0.2260244717293156
capacity_0.9,no_substitution,202610001,1647518.02,1591452.32,56065.699999999815,3.5229267817461194
capacity_0.9,no_substitution,203610001,1619839.0899999999,1582368.05,37471.03999999985,2.3680356791834747
capacity_0.9,no_substitution,204610001,1643432.3299999996,1589810.61,53621.719999999696,3.3728369695557325
capacity_0.9,no_substitution,205610001,1672850.15,1591431.0300000003,81419.11999999979,5.116094789228763
capacity_0.9,no_substitution,206610001,1648418.69,1588415.5800000005,60003.10999999959,3.7775447908915236
capacity_0.9,reset_all,202610001,1647518.02,1618092.89,29425.12999999989,1.8185068472799557
capacity_0.9,reset_all,203610001,1619839.0899999999,1616644.9299999997,3194.159999999916,0.19757956374503025
capacity_0.9,reset_all,204610001,1643432.3299999996,1615597.4200000002,27834.909999999545,1.7228865096850332
capacity_0.9,reset_all,205610001,1672850.15,1631285.54,41564.60999999987,2.5479665564864793
capacity_0.9,reset_all,206610001,1648418.69,1629097.5000000002,19321.18999999985,1.1860057485816355
capacity_0.9,no_reset,202610001,1647518.02,1639832.27,7685.749999999721,0.468691227792462
capacity_0.9,no_reset,203610001,1619839.0899999999,1605162.81,14676.279999999702,0.9143172211920232
capacity_0.9,no_reset,204610001,1643432.3299999996,1637939.78,5492.549999999814,0.3353328411133394
capacity_0.9,no_reset,205610001,1672850.15,1679156.7799999998,-6306.630000000028,-0.3755831543019997
capacity_0.9,no_reset,206610001,1648418.69,1637895.6800000002,10523.009999999824,0.6424713202735705
capacity_0.9,informed,202610001,1647518.02,1712819.1800000002,65301.16000000034,3.8124958409211733
capacity_0.9,informed,203610001,1619839.0899999999,1712461.7700000003,92622.68000000021,5.40874439491869
capacity_0.9,informed,204610001,1643432.3299999996,1712945.5100000002,69513.18000000055,4.058108071400393
capacity_0.9,informed,205610001,1672850.15,1712073.0299999998,39222.88000000003,2.290958347728887
capacity_0.9,informed,206610001,1648418.69,1712169.0200000003,63750.330000000264,3.723366633511468
capacity_1.1,fixed_schedule,202610001,1642916.6199999999,1675912.9000000004,-32996.280000000355,-1.9688541093036809
capacity_1.1,fixed_schedule,203610001,1657862.77,1714170.8099999998,-56308.039999999804,-3.2848558423416283
capacity_1.1,fixed_schedule,204610001,1633701.9500000002,1655354.23,-21652.279999999842,-1.3080149014389382
capacity_1.1,fixed_schedule,205610001,1687418.22,1714109.0699999996,-26690.849999999722,-1.557126700227987
capacity_1.1,fixed_schedule,206610001,1670185.4,1682147.8900000001,-11962.490000000316,-0.7111437746416115
capacity_1.1,d2as2,202610001,1642916.6199999999,1611072.11,31844.51000000001,1.9766036419064925
capacity_1.1,d2as2,203610001,1657862.77,1611210.3900000001,46652.37999999998,2.8954865416427635
capacity_1.1,d2as2,204610001,1633701.9500000002,1611632.0100000002,22069.940000000082,1.3694155901011138
capacity_1.1,d2as2,205610001,1687418.22,1610581.2399999998,76836.97999999994,4.7707608962339725
capacity_1.1,d2as2,206610001,1670185.4,1609431.0499999998,60754.35,3.7748961038125928
capacity_1.1,ppo,202610001,1642916.6199999999,1578837.21,64079.41000000015,4.058645792874359
capacity_1.1,ppo,203610001,1657862.77,1568481.94,89380.82999999993,5.698556529123955
capacity_1.1,ppo,204610001,1633701.9500000002,1558131.4800000002,75570.47000000006,4.850070162243302
capacity_1.1,ppo,205610001,1687418.22,1572154.2299999997,115263.99000000027,7.3315955776171045
capacity_1.1,ppo,206610001,1670185.4,1424484.82,245700.5799999999,17.24838176934731
capacity_1.1,no_exploration,202610001,1642916.6199999999,1645276.69,-2360.070000000019,-0.14344517334650048
capacity_1.1,no_exploration,203610001,1657862.77,1623300.71,34562.06000000001,2.1291224593870877
capacity_1.1,no_exploration,204610001,1633701.9500000002,1603232.74,30469.210000000196,1.9004857647804894
capacity_1.1,no_exploration,205610001,1687418.22,1639424.89,47993.330000000075,2.9274491495612267
capacity_1.1,no_exploration,206610001,1670185.4,1604626.9300000002,65558.46999999965,4.085589539494999
capacity_1.1,no_substitution,202610001,1642916.6199999999,1572402.05,70514.57000000002,4.48451272370192
capacity_1.1,no_substitution,203610001,1657862.77,1571250.6300000001,86612.13999999981,5.512305824819296
capacity_1.1,no_substitution,204610001,1633701.9500000002,1571574.72,62127.23000000026,3.9531833395742213
capacity_1.1,no_substitution,205610001,1687418.22,1571908.47,115509.75000000004,7.348376333896846
capacity_1.1,no_substitution,206610001,1670185.4,1571867.42,98317.97999999994,6.254851951826827
capacity_1.1,reset_all,202610001,1642916.6199999999,1615190.49,27726.129999999983,1.7165857632061645
capacity_1.1,reset_all,203610001,1657862.77,1651405.1299999997,6457.640000000223,0.3910391146720226
capacity_1.1,reset_all,204610001,1633701.9500000002,1631805.9300000002,1896.0200000003447,0.11619151304346703
capacity_1.1,reset_all,205610001,1687418.22,1632772.42,54645.80000000014,3.3468105738826757
capacity_1.1,reset_all,206610001,1670185.4,1620631.9599999997,49553.44000000008,3.057661530999314
capacity_1.1,no_reset,202610001,1642916.6199999999,1646178.0000000005,-3261.3800000002143,-0.19811830798374086
capacity_1.1,no_reset,203610001,1657862.77,1647778.9599999997,10083.810000000056,0.6119637551386315
capacity_1.1,no_reset,204610001,1633701.9500000002,1615439.5799999998,18262.370000000297,1.130489200964133
capacity_1.1,no_reset,205610001,1687418.22,1655137.3,32280.919999999925,1.9503469591314222
capacity_1.1,no_reset,206610001,1670185.4,1685057.4900000002,-14872.090000000317,-0.8825865045115057
capacity_1.1,informed,202610001,1642916.6199999999,1740349.23,97432.61000000006,5.598451639502269
capacity_1.1,informed,203610001,1657862.77,1740047.8300000005,82185.06000000029,4.723149478023285
capacity_1.1,informed,204610001,1633701.9500000002,1740392.5599999998,106690.6099999996,6.130261209574444
capacity_1.1,informed,205610001,1687418.22,1739389.53,51971.310000000194,2.987905187632126
capacity_1.1,informed,206610001,1670185.4,1739330.8799999997,69145.4799999999,3.9754069105011096
capacity_1.2,fixed_schedule,202610001,1679094.3,1670559.94,8534.36000000001,0.5108682302055024
capacity_1.2,fixed_schedule,203610001,1646649.43,1704756.27,-58106.84000000018,-3.4085130538924537
capacity_1.2,fixed_schedule,204610001,1643420.0899999996,1672698.6,-29278.510000000242,-1.7503757102445399
capacity_1.2,fixed_schedule,205610001,1662440.1600000001,1678629.89,-16189.729999999889,-0.9644609628629781
capacity_1.2,fixed_schedule,206610001,1665039.81,1709255.3299999996,-44215.51999999983,-2.5868294352488324
capacity_1.2,d2as2,202610001,1679094.3,1594623.03,84471.27000000006,5.297256367857676
capacity_1.2,d2as2,203610001,1646649.43,1594875.25,51774.179999999935,3.2462839961934287
capacity_1.2,d2as2,204610001,1643420.0899999996,1596229.5899999999,47190.49999999977,2.9563729613607634
capacity_1.2,d2as2,205610001,1662440.1600000001,1594485.8699999999,67954.29000000008,4.261830805687872
capacity_1.2,d2as2,206610001,1665039.81,1594642.8,70397.01000000024,4.414594290332607
capacity_1.2,ppo,202610001,1679094.3,1555418.3100000005,123675.98999999967,7.951300894741266
capacity_1.2,ppo,203610001,1646649.43,1548727.89,97921.53999999985,6.322707857995638
capacity_1.2,ppo,204610001,1643420.0899999996,1539998.1500000001,103421.93999999971,6.715718457194216
capacity_1.2,ppo,205610001,1662440.1600000001,1566722.0699999998,95718.09000000013,6.109449265625034
capacity_1.2,ppo,206610001,1665039.81,1411928.6099999999,253111.20000000027,17.92662874081149
capacity_1.2,no_exploration,202610001,1679094.3,1615279.55,63814.75000000019,3.950693859771827
capacity_1.2,no_exploration,203610001,1646649.43,1585495.2299999997,61154.20000000005,3.8571040040278266
capacity_1.2,no_exploration,204610001,1643420.0899999996,1571461.22,71958.86999999973,4.579105681017038
capacity_1.2,no_exploration,205610001,1662440.1600000001,1600311.5699999998,62128.59000000018,3.8822808735926544
capacity_1.2,no_exploration,206610001,1665039.81,1612540.8099999998,52499.00000000023,3.2556695417835804
capacity_1.2,no_substitution,202610001,1679094.3,1573124.8800000001,105969.41999999993,6.736236985839288
capacity_1.2,no_substitution,203610001,1646649.43,1573527.1400000001,73122.28999999948,4.647030746479517
capacity_1.2,no_substitution,204610001,1643420.0899999996,1573295.0900000003,70124.99999999958,4.457205799835
capacity_1.2,no_substitution,205610001,1662440.1600000001,1572658.0500000005,89782.10999999968,5.708940351019066
capacity_1.2,no_substitution,206610001,1665039.81,1573291.3500000003,91748.45999999982,5.831625528227796
capacity_1.2,reset_all,202610001,1679094.3,1635404.1900000002,43690.10999999991,2.671517553101039
capacity_1.2,reset_all,203610001,1646649.43,1628201.3399999996,18448.09000000013,1.1330349353477576
capacity_1.2,reset_all,204610001,1643420.0899999996,1623411.15,20008.939999999617,1.2325244901761154
capacity_1.2,reset_all,205610001,1662440.1600000001,1627259.4099999997,35180.75000000019,2.161963223798501
capacity_1.2,reset_all,206610001,1665039.81,1627800.9000000001,37238.910000000054,2.2876821114916397
capacity_1.2,no_reset,202610001,1679094.3,1684909.52,-5815.219999999786,-0.34513544679835223
capacity_1.2,no_reset,203610001,1646649.43,1655866.3800000004,-9216.950000000234,-0.556624019384971
capacity_1.2,no_reset,204610001,1643420.0899999996,1638949.08,4471.009999999684,0.27279737086154887
capacity_1.2,no_reset,205610001,1662440.1600000001,1678090.7600000005,-15650.600000000186,-0.9326432379617132
capacity_1.2,no_reset,206610001,1665039.81,1680083.8400000003,-15044.029999999888,-0.8954332898053622
capacity_1.2,informed,202610001,1679094.3,1728847.75,49753.45000000009,2.8778387223513437
capacity_1.2,informed,203610001,1646649.43,1728710.56,82061.1300000004,4.746956020214287
capacity_1.2,informed,204610001,1643420.0899999996,1728768.8399999999,85348.75000000015,4.936967165604409
capacity_1.2,informed,205610001,1662440.1600000001,1727917.7399999998,65477.579999999885,3.7893921964132167
capacity_1.2,informed,206610001,1665039.81,1727648.5200000003,62608.71000000001,3.623926352797743
noise_0.5,fixed_schedule,202610001,1678791.4900000002,1696907.1000000003,-18115.610000000102,-1.0675663977126444
noise_0.5,fixed_schedule,203610001,1636742.3900000001,1712922.4,-76180.00999999997,-4.447370762388289
noise_0.5,fixed_schedule,204610001,1633394.1199999999,1721332.2,-87938.08000000016,-5.108722186222978
noise_0.5,fixed_schedule,205610001,1660027.85,1679051.8699999999,-19024.019999999833,-1.1330215784221
noise_0.5,fixed_schedule,206610001,1661301.0399999998,1667161.4600000002,-5860.420000000205,-0.351520841898564
noise_0.5,d2as2,202610001,1678791.4900000002,1608653.9000000001,70137.59,4.360017403370612
noise_0.5,d2as2,203610001,1636742.3900000001,1621699.4100000001,15042.980000000074,0.9276059365403593
noise_0.5,d2as2,204610001,1633394.1199999999,1604730.0200000003,28664.099999999675,1.7862256979525828
noise_0.5,d2as2,205610001,1660027.85,1611456.6199999996,48571.230000000585,3.0141196106166643
noise_0.5,d2as2,206610001,1661301.0399999998,1596773.1400000001,64527.89999999977,4.041143878459758
noise_0.5,ppo,202610001,1678791.4900000002,1587177.5899999999,91613.90000000018,5.772126608718082
noise_0.5,ppo,203610001,1636742.3900000001,1590347.69,46394.700000000186,2.917267732818865
noise_0.5,ppo,204610001,1633394.1199999999,1560831.28,72562.83999999976,4.648986788629701
noise_0.5,ppo,205610001,1660027.85,1598682.5300000003,61345.320000000065,3.837242157140469
noise_0.5,ppo,206610001,1661301.0399999998,1461249.06,200051.97999999992,13.690477925782188
noise_0.5,no_exploration,202610001,1678791.4900000002,1684773.5300000005,-5982.04000000041,-0.355064932673786
noise_0.5,no_exploration,203610001,1636742.3900000001,1612283.0699999998,24459.320000000112,1.5170611448522064
noise_0.5,no_exploration,204610001,1633394.1199999999,1612133.31,21260.80999999987,1.3187997461574579
noise_0.5,no_exploration,205610001,1660027.85,1629429.92,30597.930000000262,1.8778303764055204
noise_0.5,no_exploration,206610001,1661301.0399999998,1605793.3400000003,55507.699999999764,3.4567150465326675
noise_0.5,no_substitution,202610001,1678791.4900000002,1587317.0699999998,91474.42000000011,5.762832248757988
noise_0.5,no_substitution,203610001,1636742.3900000001,1587273.2400000002,49469.15,3.116612108952325
noise_0.5,no_substitution,204610001,1633394.1199999999,1587103.65,46290.46999999993,2.916663319374256
noise_0.5,no_substitution,205610001,1660027.85,1587159.3399999999,72868.5100000002,4.5911275675698855
noise_0.5,no_substitution,206610001,1661301.0399999998,1587204.5799999998,74096.46,4.668362285093707
noise_0.5,reset_all,202610001,1678791.4900000002,1630896.0399999998,47895.450000000325,2.9367567781941775
noise_0.5,reset_all,203610001,1636742.3900000001,1672068.5000000005,-35326.109999999964,-2.112719066234447
noise_0.5,reset_all,204610001,1633394.1199999999,1636031.3299999998,-2637.210000000009,-0.16119556830247028
noise_0.5,reset_all,205610001,1660027.85,1658880.0999999999,1147.7500000005589,0.0691882433215175
noise_0.5,reset_all,206610001,1661301.0399999998,1646420.5399999998,14880.500000000233,0.9038091810978015
noise_0.5,no_reset,202610001,1678791.4900000002,1678388.5200000003,402.9700000000186,0.024009339625367075
noise_0.5,no_reset,203610001,1636742.3900000001,1668287.38,-31544.989999999663,-1.8908606741363565
noise_0.5,no_reset,204610001,1633394.1199999999,1613982.99,19411.12999999975,1.2026849180114276
noise_0.5,no_reset,205610001,1660027.85,1668052.4400000002,-8024.590000000037,-0.48107540312102437
noise_0.5,no_reset,206610001,1661301.0399999998,1647587.06,13713.979999999796,0.832367547242071
noise_0.5,informed,202610001,1678791.4900000002,1741611.1999999997,62819.709999999686,3.6069881727907758
noise_0.5,informed,203610001,1636742.3900000001,1741562.5299999998,104820.13999999975,6.0187411129016235
noise_0.5,informed,204610001,1633394.1199999999,1741603.45,108209.33000000026,6.213201403568653
noise_0.5,informed,205610001,1660027.85,1740778.11,80750.25999999982,4.638745141389674
noise_0.5,informed,206610001,1661301.0399999998,1740640.9100000001,79339.87000000002,4.558083723310878
noise_1.5,fixed_schedule,202610001,1693300.6400000001,1692835.06,465.5799999997951,0.027502974802522964
noise_1.5,fixed_schedule,203610001,1647343.6099999994,1705687.19,-58343.58000000017,-3.420532225489748
noise_1.5,fixed_schedule,204610001,1650325.9900000005,1698755.3699999999,-48429.37999999956,-2.850874284506275
noise_1.5,fixed_schedule,205610001,1669840.1800000002,1677586.83,-7746.649999999953,-0.4617734153289643
noise_1.5,fixed_schedule,206610001,1672179.5,1676988.4699999997,-4808.969999999972,-0.28676225782278275
noise_1.5,d2as2,202610001,1693300.6400000001,1577330.58,115970.0600000001,7.35229897083464
noise_1.5,d2as2,203610001,1647343.6099999994,1601129.47,46214.13999999957,2.886346224081394
noise_1.5,d2as2,204610001,1650325.9900000005,1591919.85,58406.14000000032,3.6689121000658647
noise_1.5,d2as2,205610001,1669840.1800000002,1588850.1500000004,80990.0299999998,5.097398895673061
noise_1.5,d2as2,206610001,1672179.5,1574189.65,97989.8499999999,6.224780476736084
noise_1.5,ppo,202610001,1693300.6400000001,1563052.7399999998,130247.90000000018,8.332917800329655
noise_1.5,ppo,203610001,1647343.6099999994,1577974.52,69369.08999999981,4.396084291652528
noise_1.5,ppo,204610001,1650325.9900000005,1535642.29,114683.70000000042,7.46812592664405
noise_1.5,ppo,205610001,1669840.1800000002,1576971.2299999997,92868.95000000014,5.889070658568731
noise_1.5,ppo,206610001,1672179.5,1446702.52,225476.9799999999,15.585580095623252
noise_1.5,no_exploration,202610001,1693300.6400000001,1641591.9200000002,51708.72000000016,3.149913164777271
noise_1.5,no_exploration,203610001,1647343.6099999994,1595493.3099999998,51850.29999999977,3.2497973933842186
noise_1.5,no_exploration,204610001,1650325.9900000005,1604169.7800000003,46156.2100000001,2.877264649630801
noise_1.5,no_exploration,205610001,1669840.1800000002,1620206.91,49633.27000000011,3.0633908356803796
noise_1.5,no_exploration,206610001,1672179.5,1601286.35,70893.14999999976,4.427262494306524
noise_1.5,no_substitution,202610001,1693300.6400000001,1578332.63,114968.01000000024,7.284143267062802
noise_1.5,no_substitution,203610001,1647343.6099999994,1577679.66,69663.94999999968,4.415595368707453
noise_1.5,no_substitution,204610001,1650325.9900000005,1578084.6199999999,72241.37000000034,4.577788103656988
noise_1.5,no_substitution,205610001,1669840.1800000002,1577253.52,92586.65999999992,5.870119091571287
noise_1.5,no_substitution,206610001,1672179.5,1578065.1600000001,94114.3399999999,5.9639070924042095
noise_1.5,reset_all,202610001,1693300.6400000001,1635288.5299999998,58012.11000000024,3.5475152510242545
noise_1.5,reset_all,203610001,1647343.6099999994,1648635.7100000002,-1292.1000000006054,-0.07837389376946054
noise_1.5,reset_all,204610001,1650325.9900000005,1639187.6300000004,11138.359999999917,0.6795048837697794
noise_1.5,reset_all,205610001,1669840.1800000002,1656419.7299999997,13420.45000000042,0.8102082918319514
noise_1.5,reset_all,206610001,1672179.5,1645235.4100000004,26944.089999999665,1.637704235894097
noise_1.5,no_reset,202610001,1693300.6400000001,1680761.0900000003,12539.55000000014,0.7460637966101304
noise_1.5,no_reset,203610001,1647343.6099999994,1670965.77,-23622.16000000052,-1.4136830582711826
noise_1.5,no_reset,204610001,1650325.9900000005,1619503.25,30822.740000000318,1.9032218675696055
noise_1.5,no_reset,205610001,1669840.1800000002,1660669.5599999998,9170.620000000297,0.5522242486338068
noise_1.5,no_reset,206610001,1672179.5,1665344.4000000001,6835.09999999972,0.4104316200300586
noise_1.5,informed,202610001,1693300.6400000001,1733974.4899999998,40673.849999999584,2.345700599090107
noise_1.5,informed,203610001,1647343.6099999994,1733951.0,86607.3900000004,4.994800314426452
noise_1.5,informed,204610001,1650325.9900000005,1733946.72,83620.72999999998,4.822566289695425
noise_1.5,informed,205610001,1669840.1800000002,1732835.5399999998,62995.36000000001,3.635391734867098
noise_1.5,informed,206610001,1672179.5,1732606.6299999997,60427.129999999794,3.487642777864683
noise_2,fixed_schedule,202610001,1687220.6400000001,1693770.97,-6550.329999999469,-0.38673056251518123
noise_2,fixed_schedule,203610001,1647294.7799999998,1687078.61,-39783.830000000075,-2.358149155835738
noise_2,fixed_schedule,204610001,1647354.4499999997,1684906.5699999998,-37552.12000000002,-2.2287360420228
noise_2,fixed_schedule,205610001,1659216.8700000003,1667197.6800000002,-7980.8100000000095,-0.4786960835981863
noise_2,fixed_schedule,206610001,1686007.9799999997,1682544.7599999998,3463.220000000205,0.20583226564504425
noise_2,d2as2,202610001,1687220.6400000001,1558977.88,128242.76000000052,8.226079513071747
noise_2,d2as2,203610001,1647294.7799999998,1589381.1000000003,57913.67999999966,3.6437881386660163
noise_2,d2as2,204610001,1647354.4499999997,1578713.5200000003,68640.92999999979,4.347902841802448
noise_2,d2as2,205610001,1659216.8700000003,1572108.0,87108.8700000003,5.540896045309886
noise_2,d2as2,206610001,1686007.9799999997,1557619.7099999997,128388.26999999993,8.242594079655042
noise_2,ppo,202610001,1687220.6400000001,1553147.53,134073.11000000028,8.632348660400607
noise_2,ppo,203610001,1647294.7799999998,1573510.0799999998,73784.69999999995,4.6891787309046
noise_2,ppo,204610001,1647354.4499999997,1506834.3,140520.14999999985,9.325521060942114
noise_2,ppo,205610001,1659216.8700000003,1566392.26,92824.61000000015,5.926013066484402
noise_2,ppo,206610001,1686007.9799999997,1431494.38,254513.59999999986,17.779573818515438
noise_2,no_exploration,202610001,1687220.6400000001,1639894.98,47325.660000000425,2.8858957785211437
noise_2,no_exploration,203610001,1647294.7799999998,1593041.6199999999,54253.160000000054,3.4056335577723273
noise_2,no_exploration,204610001,1647354.4499999997,1601694.34,45660.10999999991,2.8507380503073785
noise_2,no_exploration,205610001,1659216.8700000003,1620848.1400000001,38368.72999999984,2.3672007915559696
noise_2,no_exploration,206610001,1686007.9799999997,1600528.4700000002,85479.50999999973,5.340705373394548
noise_2,no_substitution,202610001,1687220.6400000001,1568529.1800000002,118691.46000000043,7.567054633946941
noise_2,no_substitution,203610001,1647294.7799999998,1567251.5400000003,80043.23999999995,5.1072363278711155
noise_2,no_substitution,204610001,1647354.4499999997,1567987.0900000003,79367.35999999978,5.061735552937454
noise_2,no_substitution,205610001,1659216.8700000003,1567634.02,91582.85000000014,5.842106565153538
noise_2,no_substitution,206610001,1686007.9799999997,1568614.6,117393.3799999998,7.48388928676296
noise_2,reset_all,202610001,1687220.6400000001,1630652.8400000003,56567.800000000374,3.4690277790826283
noise_2,reset_all,203610001,1647294.7799999998,1641713.7899999998,5580.9900000000835,0.33994902363584284
noise_2,reset_all,204610001,1647354.4499999997,1636989.9600000002,10364.48999999985,0.6331431623441065
noise_2,reset_all,205610001,1659216.8700000003,1635789.9899999998,23426.88000000026,1.4321447217072523
noise_2,reset_all,206610001,1686007.9799999997,1632202.6,53805.3799999997,3.296489051052832
noise_2,no_reset,202610001,1687220.6400000001,1678639.89,8580.75000000028,0.5111727685680241
noise_2,no_reset,203610001,1647294.7799999998,1659461.41,-12166.629999999981,-0.7331673955587868
noise_2,no_reset,204610001,1647354.4499999997,1612985.42,34369.029999999795,2.130771275043503
noise_2,no_reset,205610001,1659216.8700000003,1647673.35,11543.520000000251,0.7005951756153761
noise_2,no_reset,206610001,1686007.9799999997,1671433.34,14574.639999999805,0.8719845207826035
noise_2,informed,202610001,1687220.6400000001,1726327.65,39107.00999999959,2.2653295276826375
noise_2,informed,203610001,1647294.7799999998,1725867.02,78572.23999999999,4.552624222461834
noise_2,informed,204610001,1647354.4499999997,1726009.7900000003,78655.34000000036,4.557062216895105
noise_2,informed,205610001,1659216.8700000003,1725274.6300000001,66057.75999999992,3.8288257910567998
noise_2,informed,206610001,1686007.9799999997,1725014.5299999998,39006.55000000005,2.2612302285940773
drift_0,fixed_schedule,202610001,1685484.1900000002,1707130.6600000001,-21646.469999999877,-1.2680031181678835
drift_0,fixed_schedule,203610001,1684511.6800000002,1689372.78,-4861.099999999953,-0.2877458461240189
drift_0,fixed_schedule,204610001,1636316.58,1694464.7899999998,-58148.209999999825,-3.4316564347140983
drift_0,fixed_schedule,205610001,1718417.9800000004,1707147.0100000005,11270.96999999988,0.6602225780192164
drift_0,fixed_schedule,206610001,1634156.39,1694645.6700000004,-60489.28000000026,-3.569435255453754
drift_0,d2as2,202610001,1685484.1900000002,1594189.75,91294.44000000026,5.72669846861079
drift_0,d2as2,203610001,1684511.6800000002,1608816.41,75695.26999999997,4.705028462508053
drift_0,d2as2,204610001,1636316.58,1598982.69,37333.89000000009,2.334852668104877
drift_0,d2as2,205610001,1718417.9800000004,1597582.8900000001,120835.09000000023,7.563619437611798
drift_0,d2as2,206610001,1634156.39,1596718.3,37438.08999999985,2.3446897301796974
drift_0,ppo,202610001,1685484.1900000002,1581310.0299999998,104174.1600000003,6.587839071633561
drift_0,ppo,203610001,1684511.6800000002,1588853.25,95658.43000000031,6.020595671752578
drift_0,ppo,204610001,1636316.58,1540944.6499999997,95371.93000000044,6.189185964596485
drift_0,ppo,205610001,1718417.9800000004,1590009.65,128408.33000000045,8.075946583091527
drift_0,ppo,206610001,1634156.39,1486645.56,147510.82999999978,9.922394010311365
drift_0,no_exploration,202610001,1685484.1900000002,1636602.8900000001,48881.30000000014,2.9867538606142903
drift_0,no_exploration,203610001,1684511.6800000002,1585534.05,98977.63000000012,6.242542063350838
drift_0,no_exploration,204610001,1636316.58,1624711.29,11605.290000000177,0.7142986000915915
drift_0,no_exploration,205610001,1718417.9800000004,1605658.65,112759.33000000031,7.022621526686295
drift_0,no_exploration,206610001,1634156.39,1608791.7999999998,25364.589999999946,1.5766235258036552
drift_0,no_substitution,202610001,1685484.1900000002,1585255.26,100228.93000000017,6.322573564587962
drift_0,no_substitution,203610001,1684511.6800000002,1585280.47,99231.21000000011,6.259536522266005
drift_0,no_substitution,204610001,1636316.58,1585145.3800000001,51171.20000000009,3.228170781408072
drift_0,no_substitution,205610001,1718417.9800000004,1584841.53,133576.45000000024,8.42837895597047
drift_0,no_substitution,206610001,1634156.39,1585515.4100000001,48640.979999999705,3.067833948078735
drift_0,reset_all,202610001,1685484.1900000002,1634956.51,50527.68000000026,3.090460186002144
drift_0,reset_all,203610001,1684511.6800000002,1666963.61,17548.06999999997,1.0526966452495063
drift_0,reset_all,204610001,1636316.58,1645105.4999999998,-8788.919999999785,-0.5342465878327982
drift_0,reset_all,205610001,1718417.9800000004,1657400.7499999995,61017.23000000045,3.681501290499653
drift_0,reset_all,206610001,1634156.39,1652586.72,-18430.33000000012,-1.1152413230090628
drift_0,no_reset,202610001,1685484.1900000002,1690022.7900000003,-4538.6,-0.26855259153044275
drift_0,no_reset,203610001,1684511.6800000002,1705573.1800000002,-21061.499999999953,-1.2348634609744507
drift_0,no_reset,204610001,1636316.58,1626465.21,9851.370000000064,0.6056920209194091
drift_0,no_reset,205610001,1718417.9800000004,1714027.3699999999,4390.6100000002425,0.25615751981840107
drift_0,no_reset,206610001,1634156.39,1634046.2,110.18999999975786,0.0067433833878102175
drift_0,informed,202610001,1685484.1900000002,1740364.7700000003,54880.57999999998,3.153395250583018
drift_0,informed,203610001,1684511.6800000002,1740361.53,55849.84999999972,3.209094721830576
drift_0,informed,204610001,1636316.58,1740697.0400000003,104380.46000000015,5.996474837459376
drift_0,informed,205610001,1718417.9800000004,1739682.6300000004,21264.65000000014,1.2223292704830824
drift_0,informed,206610001,1634156.39,1740055.7900000003,105899.40000000042,6.085977277774545
drift_0.5,fixed_schedule,202610001,1701478.5800000005,1722806.44,-21327.859999999775,-1.2379719221388217
drift_0.5,fixed_schedule,203610001,1696422.9799999997,1711579.5799999996,-15156.600000000093,-0.8855328830225857
drift_0.5,fixed_schedule,204610001,1652710.69,1698301.1499999997,-45590.46000000001,-2.684474423161036
drift_0.5,fixed_schedule,205610001,1702403.7600000002,1711356.35,-8952.589999999944,-0.5231283361878343
drift_0.5,fixed_schedule,206610001,1633145.26,1681904.56,-48759.30000000009,-2.8990527262736028
drift_0.5,d2as2,202610001,1701478.5800000005,1594828.32,106650.2600000001,6.687256469085054
drift_0.5,d2as2,203610001,1696422.9799999997,1613460.4600000004,82962.5199999997,5.141899789722724
drift_0.5,d2as2,204610001,1652710.69,1605479.44,47231.24999999972,2.941878221747891
drift_0.5,d2as2,205610001,1702403.7600000002,1601048.6300000001,101355.13000000008,6.330546624308351
drift_0.5,d2as2,206610001,1633145.26,1588485.9500000002,44659.30999999987,2.8114387791720676
drift_0.5,ppo,202610001,1701478.5800000005,1580908.4400000002,120570.14000000009,7.626636492623214
drift_0.5,ppo,203610001,1696422.9799999997,1589310.4300000002,107112.5499999999,6.739561257393849
drift_0.5,ppo,204610001,1652710.69,1552437.98,100272.70999999977,6.459047723117413
drift_0.5,ppo,205610001,1702403.7600000002,1587337.1300000001,115066.63000000031,7.249035370324898
drift_0.5,ppo,206610001,1633145.26,1479953.4,153191.85999999993,10.351127271980328
drift_0.5,no_exploration,202610001,1701478.5800000005,1627932.76,73545.8200000003,4.517743103836827
drift_0.5,no_exploration,203610001,1696422.9799999997,1620960.21,75462.76999999983,4.655436298464093
drift_0.5,no_exploration,204610001,1652710.69,1619594.0099999998,33116.679999999935,2.044751943729415
drift_0.5,no_exploration,205610001,1702403.7600000002,1635230.7399999998,67173.0200000003,4.107861866637885
drift_0.5,no_exploration,206610001,1633145.26,1614138.1199999999,19007.139999999945,1.1775411140157035
drift_0.5,no_substitution,202610001,1701478.5800000005,1585601.0200000003,115877.55999999991,7.308115884032433
drift_0.5,no_substitution,203610001,1696422.9799999997,1585186.69,111236.29,7.0172359320024205
drift_0.5,no_substitution,204610001,1652710.69,1585291.92,67418.76999999983,4.252766897342164
drift_0.5,no_substitution,205610001,1702403.7600000002,1585408.9100000001,116994.84999999995,7.379474737530022
drift_0.5,no_substitution,206610001,1633145.26,1585389.8399999996,47755.4200000002,3.0122193794303866
drift_0.5,reset_all,202610001,1701478.5800000005,1650270.77,51207.810000000245,3.1029944255754174
drift_0.5,reset_all,203610001,1696422.9799999997,1649243.0399999998,47179.9399999999,2.860702689398644
drift_0.5,reset_all,204610001,1652710.69,1635295.22,17415.469999999877,1.064974066272876
drift_0.5,reset_all,205610001,1702403.7600000002,1652584.0999999999,49819.66000000029,3.0146520228532023
drift_0.5,reset_all,206610001,1633145.26,1647486.2399999998,-14340.979999999934,-0.870476466012836
drift_0.5,no_reset,202610001,1701478.5800000005,1696806.55,4672.030000000168,0.2753425250509844
drift_0.5,no_reset,203610001,1696422.9799999997,1689783.81,6639.169999999972,0.3929005569061342
drift_0.5,no_reset,204610001,1652710.69,1634365.24,18345.44999999972,1.1224816553244827
drift_0.5,no_reset,205610001,1702403.7600000002,1681515.25,20888.510000000104,1.242243268385478
drift_0.5,no_reset,206610001,1633145.26,1628972.17,4173.089999999991,0.2561793305529636
drift_0.5,informed,202610001,1701478.5800000005,1739782.8099999998,38304.229999999705,2.201667344902625
drift_0.5,informed,203610001,1696422.9799999997,1740156.5200000003,43733.54000000055,2.513195767010688
drift_0.5,informed,204610001,1652710.69,1739981.4600000002,87270.77000000034,5.0156149364947975
drift_0.5,informed,205610001,1702403.7600000002,1739114.98,36711.21999999974,2.110913908636434
drift_0.5,informed,206610001,1633145.26,1738990.6799999997,105845.41999999978,6.0866007631507095
drift_1.5,fixed_schedule,202610001,1692032.85,1695632.8,-3599.9500000002326,-0.21230716933524482
drift_1.5,fixed_schedule,203610001,1668278.84,1718387.35,-50108.5100000002,-2.916019487690014
drift_1.5,fixed_schedule,204610001,1627820.02,1710154.45,-82334.42999999975,-4.814444098894105
drift_1.5,fixed_schedule,205610001,1697135.9200000004,1684902.6800000002,12233.240000000176,0.7260502428543958
drift_1.5,fixed_schedule,206610001,1684387.22,1699640.45,-15253.229999999981,-0.8974386318000364
drift_1.5,d2as2,202610001,1692032.85,1587628.72,104404.12999999984,6.576104896867834
drift_1.5,d2as2,203610001,1668278.84,1610044.4899999998,58234.34999999986,3.6169404238016014
drift_1.5,d2as2,204610001,1627820.02,1590629.0000000002,37191.02000000002,2.3381329021412145
drift_1.5,d2as2,205610001,1697135.9200000004,1594324.6999999997,102811.22000000035,6.448574747665936
drift_1.5,d2as2,206610001,1684387.22,1584048.52,100338.69999999987,6.33431986035377
drift_1.5,ppo,202610001,1692032.85,1579291.2500000002,112741.59999999971,7.1387465738191
drift_1.5,ppo,203610001,1668278.84,1588020.0700000003,80258.76999999979,5.054014840001346
drift_1.5,ppo,204610001,1627820.02,1553789.71,74030.31000000029,4.764499952828241
drift_1.5,ppo,205610001,1697135.9200000004,1591762.27,105373.65000000023,6.619936405453332
drift_1.5,ppo,206610001,1684387.22,1449107.51,235279.71000000002,16.23618043356907
drift_1.5,no_exploration,202610001,1692032.85,1672855.0900000003,19177.75999999959,1.1464089217673823
drift_1.5,no_exploration,203610001,1668278.84,1627870.83,40408.00999999987,2.482261445768397
drift_1.5,no_exploration,204610001,1627820.02,1598358.5100000002,29461.509999999962,1.8432354078059603
drift_1.5,no_exploration,205610001,1697135.9200000004,1627744.9100000001,69391.01000000001,4.263015019964046
drift_1.5,no_exploration,206610001,1684387.22,1615153.7700000003,69233.44999999987,4.286492796286493
drift_1.5,no_substitution,202610001,1692032.85,1586260.8499999996,105772.00000000009,6.668007976115687
drift_1.5,no_substitution,203610001,1668278.84,1585903.8199999998,82375.02000000006,5.194200238448272
drift_1.5,no_substitution,204610001,1627820.02,1586037.3500000003,41782.66999999988,2.6344064343755638
drift_1.5,no_substitution,205610001,1697135.9200000004,1585812.4599999995,111323.46000000047,7.019963760405876
drift_1.5,no_substitution,206610001,1684387.22,1585485.77,98901.44999999987,6.237927319902718
drift_1.5,reset_all,202610001,1692032.85,1646830.9700000002,45201.8799999997,2.7447795689681427
drift_1.5,reset_all,203610001,1668278.84,1657290.7199999993,10988.120000000577,0.6630170474858397
drift_1.5,reset_all,204610001,1627820.02,1631087.4700000002,-3267.45,-0.20032340754847353
drift_1.5,reset_all,205610001,1697135.9200000004,1648952.48,48183.44000000018,2.922063587908877
drift_1.5,reset_all,206610001,1684387.22,1657459.17,26928.050000000094,1.624658422204153
drift_1.5,no_reset,202610001,1692032.85,1694936.4899999998,-2903.6400000001768,-0.17131261360711308
drift_1.5,no_reset,203610001,1668278.84,1663629.4600000002,4649.3799999997955,0.2794720886945515
drift_1.5,no_reset,204610001,1627820.02,1617631.0700000005,10188.949999999906,0.629868589257468
drift_1.5,no_reset,205610001,1697135.9200000004,1695159.31,1976.6100000000092,0.11660319996710723
drift_1.5,no_reset,206610001,1684387.22,1670503.23,13883.98999999999,0.8311261990196804
drift_1.5,informed,202610001,1692032.85,1741203.6300000004,49170.78000000045,2.823953451096369
drift_1.5,informed,203610001,1668278.84,1740991.4400000002,72712.60000000037,4.176505313547095
drift_1.5,informed,204610001,1627820.02,1740454.75,112634.73000000003,6.471568996551044
drift_1.5,informed,205610001,1697135.9200000004,1740021.15,42885.22999999994,2.464638432699483
drift_1.5,informed,206610001,1684387.22,1739657.2400000002,55270.02000000021,3.17706377608041
drift_2,fixed_schedule,202610001,1698047.19,1724797.4099999995,-26750.219999999787,-1.5509195366892112
drift_2,fixed_schedule,203610001,1702858.0200000003,1723590.9600000002,-20732.93999999999,-1.2028921293483659
drift_2,fixed_schedule,204610001,1657696.39,1717138.8799999997,-59442.48999999995,-3.4617170860402258
drift_2,fixed_schedule,205610001,1695338.2899999996,1706293.3799999997,-10955.090000000457,-0.6420402334327808
drift_2,fixed_schedule,206610001,1724771.1800000002,1728177.7,-3406.5199999999722,-0.1971163034912316
drift_2,d2as2,202610001,1698047.19,1581079.24,116967.94999999981,7.397981520521386
drift_2,d2as2,203610001,1702858.0200000003,1602560.22,100297.80000000009,6.25859788283028
drift_2,d2as2,204610001,1657696.39,1581782.8599999999,75913.53000000003,4.799238373337794
drift_2,d2as2,205610001,1695338.2899999996,1591306.2000000002,104032.08999999939,6.537528101128455
drift_2,d2as2,206610001,1724771.1800000002,1588418.9899999998,136352.19000000024,8.584145043493873
drift_2,ppo,202610001,1698047.19,1572983.7100000002,125063.47999999984,7.950716794136395
drift_2,ppo,203610001,1702858.0200000003,1580160.67,122697.35000000033,7.764865455105926
drift_2,ppo,204610001,1657696.39,1542979.88,114716.51000000001,7.434737904683502
drift_2,ppo,205610001,1695338.2899999996,1585778.9,109559.38999999958,6.908869199861321
drift_2,ppo,206610001,1724771.1800000002,1453990.6999999997,270780.48000000016,18.62326079527197
drift_2,no_exploration,202610001,1698047.19,1643307.8999999997,54739.290000000365,3.3310428313525593
drift_2,no_exploration,203610001,1702858.0200000003,1625970.96,76887.05999999997,4.728685929298534
drift_2,no_exploration,204610001,1657696.39,1588172.3199999996,69524.07000000025,4.377615018501287
drift_2,no_exploration,205610001,1695338.2899999996,1598054.02,97284.2699999996,6.0876709286710815
drift_2,no_exploration,206610001,1724771.1800000002,1628167.54,96603.64000000017,5.933273918481395
drift_2,no_substitution,202610001,1698047.19,1585531.5399999998,112515.6500000001,7.096399356395027
drift_2,no_substitution,203610001,1702858.0200000003,1585793.83,117064.18999999999,7.382056089851238
drift_2,no_substitution,204610001,1657696.39,1585521.2099999997,72175.18000000008,4.5521421943009
drift_2,no_substitution,205610001,1695338.2899999996,1585507.2400000002,109831.04999999944,6.927186910858845
drift_2,no_substitution,206610001,1724771.1800000002,1585877.9200000004,138893.2599999997,8.758130638454173
drift_2,reset_all,202610001,1698047.19,1641674.4100000001,56372.77999999975,3.433858727200346
drift_2,reset_all,203610001,1702858.0200000003,1650459.4500000004,52398.56999999974,3.174786875254634
drift_2,reset_all,204610001,1657696.39,1625516.1699999997,32180.220000000252,1.979692395185476
drift_2,reset_all,205610001,1695338.2899999996,1629810.1099999999,65528.179999999564,4.020602130146297
drift_2,reset_all,206610001,1724771.1800000002,1652577.1,72194.07999999999,4.368575602312296
drift_2,no_reset,202610001,1698047.19,1676260.7500000002,21786.439999999897,1.2997047147945038
drift_2,no_reset,203610001,1702858.0200000003,1657743.73,45114.28999999994,2.721427273924919
drift_2,no_reset,204610001,1657696.39,1632829.1,24867.2899999999,1.5229573015326467
drift_2,no_reset,205610001,1695338.2899999996,1666867.4400000002,28470.849999999347,1.7080452420379266
drift_2,no_reset,206610001,1724771.1800000002,1709460.7700000003,15310.409999999963,0.8956280406481579
drift_2,informed,202610001,1698047.19,1740581.03,42533.839999999946,2.4436575641640816
drift_2,informed,203610001,1702858.0200000003,1740629.0599999998,37771.03999999994,2.1699649206132166
drift_2,informed,204610001,1657696.39,1740149.85,82453.45999999996,4.738296532336005
drift_2,informed,205610001,1695338.2899999996,1739700.1400000001,44361.85000000042,2.5499710542071092
drift_2,informed,206610001,1724771.1800000002,1739184.77,14413.589999999851,0.8287555323980816
holding_0.5,fixed_schedule,202610001,1682671.575,1691563.2299999997,-8891.654999999935,-0.5256472144999154
holding_0.5,fixed_schedule,203610001,1711920.0500000007,1726206.3,-14286.249999999534,-0.8276096547671794
holding_0.5,fixed_schedule,204610001,1655251.3800000001,1731597.0899999999,-76345.71,-4.408976570871907
holding_0.5,fixed_schedule,205610001,1727204.0100000002,1691738.3800000004,35465.629999999845,2.096401572446437
holding_0.5,fixed_schedule,206610001,1693061.7550000001,1672401.9650000003,20659.78999999985,1.2353363863692781
holding_0.5,d2as2,202610001,1682671.575,1614476.3800000001,68195.19499999983,4.2239822053017475
holding_0.5,d2as2,203610001,1711920.0500000007,1630198.9650000003,81721.08500000024,5.012951593917888
holding_0.5,d2as2,204610001,1655251.3800000001,1614288.6349999998,40962.74500000007,2.537510585893479
holding_0.5,d2as2,205610001,1727204.0100000002,1618238.4249999998,108965.58500000005,6.733592733716012
holding_0.5,d2as2,206610001,1693061.7550000001,1613609.02,79452.73500000002,4.92391490226053
holding_0.5,ppo,202610001,1682671.575,1587696.6650000003,94974.90999999977,5.981930433796034
holding_0.5,ppo,203610001,1711920.0500000007,1601236.0399999998,110684.01000000047,6.912410614989714
holding_0.5,ppo,204610001,1655251.3800000001,1555154.5700000003,100096.80999999991,6.436454094720617
holding_0.5,ppo,205610001,1727204.0100000002,1579934.415,147269.59500000003,9.321247363296418
holding_0.5,ppo,206610001,1693061.7550000001,1436381.6650000003,256680.09,17.869908552473746
holding_0.5,no_exploration,202610001,1682671.575,1673477.3450000002,9194.229999999608,0.5494086924732015
holding_0.5,no_exploration,203610001,1711920.0500000007,1622980.06,88939.9900000005,5.48004206533509
holding_0.5,no_exploration,204610001,1655251.3800000001,1617651.355,37600.02499999981,2.324359008743274
holding_0.5,no_exploration,205610001,1727204.0100000002,1627689.63,99514.38000000008,6.113842477450714
holding_0.5,no_exploration,206610001,1693061.7550000001,1608393.92,84667.83500000024,5.264123045180386
holding_0.5,no_substitution,202610001,1682671.575,1590252.4899999998,92419.08500000011,5.811598194699271
holding_0.5,no_substitution,203610001,1711920.0500000007,1590116.9150000003,121803.13500000033,7.660011276592229
holding_0.5,no_substitution,204610001,1655251.3800000001,1590234.1550000007,65017.224999999584,4.088531540815722
holding_0.5,no_substitution,205610001,1727204.0100000002,1590075.1650000003,137128.84499999983,8.62404797071338
holding_0.5,no_substitution,206610001,1693061.7550000001,1589869.7050000005,103192.04999999967,6.4905979197835935
holding_0.5,reset_all,202610001,1682671.575,1646640.3599999999,36031.21499999999,2.188165423080003
holding_0.5,reset_all,203610001,1711920.0500000007,1666342.05,45578.00000000037,2.7352127373849022
holding_0.5,reset_all,204610001,1655251.3800000001,1643640.9350000003,11610.444999999692,0.7063857289487518
holding_0.5,reset_all,205610001,1727204.0100000002,1664380.6749999998,62823.335000000196,3.7745772913399414
holding_0.5,reset_all,206610001,1693061.7550000001,1659286.6749999998,33775.08000000021,2.0355180638089747
holding_0.5,no_reset,202610001,1682671.575,1684385.6800000002,-1714.1050000002608,-0.10176440113170601
holding_0.5,no_reset,203610001,1711920.0500000007,1683376.14,28543.910000000615,1.6956347022954033
holding_0.5,no_reset,204610001,1655251.3800000001,1634221.625,21029.75499999989,1.2868361719298704
holding_0.5,no_reset,205610001,1727204.0100000002,1724701.8850000002,2502.1250000001396,0.14507579667891415
holding_0.5,no_reset,206610001,1693061.7550000001,1660603.9449999998,32457.810000000336,1.9545786397611076
holding_0.5,informed,202610001,1682671.575,1748411.2150000003,65739.6400000004,3.7599644429185584
holding_0.5,informed,203610001,1711920.0500000007,1748186.075,36266.024999999536,2.074494558595498
holding_0.5,informed,204610001,1655251.3800000001,1748558.6600000001,93307.27999999984,5.336239620351086
holding_0.5,informed,205610001,1727204.0100000002,1747536.86,20332.85000000014,1.1635147999109936
holding_0.5,informed,206610001,1693061.7550000001,1747344.4449999998,54282.68999999971,3.106582114094838
holding_1.5,fixed_schedule,202610001,1681120.9449999998,1688328.1599999997,-7207.214999999991,-0.4268847236428167
holding_1.5,fixed_schedule,203610001,1653216.9600000002,1716370.235,-63153.27499999986,-3.6794669187443643
holding_1.5,fixed_schedule,204610001,1626338.7549999997,1701847.0200000003,-75508.2650000004,-4.436842096418313
holding_1.5,fixed_schedule,205610001,1668795.1,1665252.105,3542.995000000158,0.21276027751966792
holding_1.5,fixed_schedule,206610001,1666445.6900000002,1678631.5450000004,-12185.854999999841,-0.72593983094725
holding_1.5,d2as2,202610001,1681120.9449999998,1597583.5749999997,83537.36999999988,5.228982777943252
holding_1.5,d2as2,203610001,1653216.9600000002,1607071.4249999998,46145.53500000029,2.8714053577301573
holding_1.5,d2as2,204610001,1626338.7549999997,1594843.8399999999,31494.914999999943,1.9747961656233257
holding_1.5,d2as2,205610001,1668795.1,1596767.15,72027.94999999991,4.510861211041334
holding_1.5,d2as2,206610001,1666445.6900000002,1582508.1500000001,83937.54000000012,5.3040826361620965
holding_1.5,ppo,202610001,1681120.9449999998,1553349.245,127771.69999999981,8.22556166369397
holding_1.5,ppo,203610001,1653216.9600000002,1580933.3900000001,72283.57000000011,4.572208447061774
holding_1.5,ppo,204610001,1626338.7549999997,1537285.0050000001,89053.74999999977,5.792923869702322
holding_1.5,ppo,205610001,1668795.1,1588471.4799999997,80323.6200000003,5.0566611369063015
holding_1.5,ppo,206610001,1666445.6900000002,1480601.7899999998,185843.90000000023,12.551916474449245
holding_1.5,no_exploration,202610001,1681120.9449999998,1646432.3150000002,34688.629999999655,2.1068968146437075
holding_1.5,no_exploration,203610001,1653216.9600000002,1631220.8399999999,21996.120000000206,1.3484452540466776
holding_1.5,no_exploration,204610001,1626338.7549999997,1603047.0850000002,23291.669999999787,1.4529623127070816
holding_1.5,no_exploration,205610001,1668795.1,1601186.66,67608.44000000009,4.222395907295417
holding_1.5,no_exploration,206610001,1666445.6900000002,1602758.0149999997,63687.67500000051,3.973630105353148
holding_1.5,no_substitution,202610001,1681120.9449999998,1578031.77,103089.17499999981,6.532769299061692
holding_1.5,no_substitution,203610001,1653216.9600000002,1577779.9099999997,75437.05000000042,4.781215017498893
holding_1.5,no_substitution,204610001,1626338.7549999997,1577500.355,48838.4,3.095935911849584
holding_1.5,no_substitution,205610001,1668795.1,1577869.74,90925.36000000019,5.762539054713104
holding_1.5,no_substitution,206610001,1666445.6900000002,1577758.545,88687.14500000034,5.62108475222996
holding_1.5,reset_all,202610001,1681120.9449999998,1639181.665,41939.27999999989,2.558549848103614
holding_1.5,reset_all,203610001,1653216.9600000002,1650715.7149999999,2501.245000000298,0.1515248796186777
holding_1.5,reset_all,204610001,1626338.7549999997,1622607.525,3731.2300000000278,0.22995271145434562
holding_1.5,reset_all,205610001,1668795.1,1636672.75,32122.350000000188,1.9626617477440187
holding_1.5,reset_all,206610001,1666445.6900000002,1634125.2549999997,32320.435000000336,1.9778431855886425
holding_1.5,no_reset,202610001,1681120.9449999998,1671481.4000000001,9639.544999999645,0.5767066866553042
holding_1.5,no_reset,203610001,1653216.9600000002,1646258.5,6958.460000000242,0.4226833149229113
holding_1.5,no_reset,204610001,1626338.7549999997,1584545.0850000002,41793.66999999979,2.6375816248863284
holding_1.5,no_reset,205610001,1668795.1,1621795.6300000001,46999.47000000007,2.8979896807343084
holding_1.5,no_reset,206610001,1666445.6900000002,1639994.56,26451.13000000017,1.6128791305259038
holding_1.5,informed,202610001,1681120.9449999998,1730215.9900000002,49095.04500000035,2.837509610577601
holding_1.5,informed,203610001,1653216.9600000002,1730069.6800000002,76852.7199999997,4.442174837720985
holding_1.5,informed,204610001,1626338.7549999997,1730555.3699999999,104216.61500000008,6.022148542984801
holding_1.5,informed,205610001,1668795.1,1729361.7,60566.59999999972,3.5022517267498094
holding_1.5,informed,206610001,1666445.6900000002,1729554.975,63109.28499999978,3.6488741851064845
holding_2,fixed_schedule,202610001,1664211.31,1693062.2499999995,-28850.93999999976,-1.704068471197647
holding_2,fixed_schedule,203610001,1654168.7,1701483.8699999996,-47315.16999999965,-2.780818016217791
holding_2,fixed_schedule,204610001,1619184.77,1695477.3800000004,-76292.61000000015,-4.499771621842594
holding_2,fixed_schedule,205610001,1635194.78,1676473.2800000003,-41278.50000000023,-2.4622223624107047
holding_2,fixed_schedule,206610001,1650005.1099999996,1670405.2399999998,-20400.13000000026,-1.2212683192971858
holding_2,d2as2,202610001,1664211.31,1586050.8900000001,78160.41999999997,4.927989416531264
holding_2,d2as2,203610001,1654168.7,1597039.7799999998,57128.92000000025,3.577175767030685
holding_2,d2as2,204610001,1619184.77,1583833.23,35351.54000000004,2.232024138046405
holding_2,d2as2,205610001,1635194.78,1588960.3699999999,46234.41000000001,2.909727068901042
holding_2,d2as2,206610001,1650005.1099999996,1574747.15,75257.9599999995,4.77905040183751
holding_2,ppo,202610001,1664211.31,1571082.92,93128.39000000017,5.927655938109246
holding_2,ppo,203610001,1654168.7,1579510.6700000004,74658.02999999994,4.726655629366501
holding_2,ppo,204610001,1619184.77,1538312.6199999996,80872.15000000023,5.257198631055916
holding_2,ppo,205610001,1635194.78,1555353.3199999998,79841.4600000002,5.133332662960478
holding_2,ppo,206610001,1650005.1099999996,1431717.98,218287.12999999942,15.246517334370536
holding_2,no_exploration,202610001,1664211.31,1636414.0100000002,27797.3,1.6986715971711712
holding_2,no_exploration,203610001,1654168.7,1611253.72,42914.98000000012,2.663452655985178
holding_2,no_exploration,204610001,1619184.77,1592764.88,26419.890000000036,1.6587438818967513
holding_2,no_exploration,205610001,1635194.78,1595019.6400000001,40175.1399999998,2.5187865398321927
holding_2,no_exploration,206610001,1650005.1099999996,1605110.6800000002,44894.42999999951,2.7969678701533196
holding_2,no_substitution,202610001,1664211.31,1571984.5699999998,92226.74000000014,5.866898553590779
holding_2,no_substitution,203610001,1654168.7,1571554.0699999998,82614.63000000021,5.256874808004546
holding_2,no_substitution,204610001,1619184.77,1571354.4999999998,47830.27000000016,3.0438879323539187
holding_2,no_substitution,205610001,1635194.78,1572112.02,63082.76000000005,4.012612281916145
holding_2,no_substitution,206610001,1650005.1099999996,1571607.67,78397.43999999952,4.988359467601715
holding_2,reset_all,202610001,1664211.31,1621071.3199999998,43139.990000000085,2.661202469487908
holding_2,reset_all,203610001,1654168.7,1630481.39,23687.31000000015,1.4527801510203104
holding_2,reset_all,204610001,1619184.77,1605742.1300000001,13442.640000000038,0.837160571978011
holding_2,reset_all,205610001,1635194.78,1622406.8200000003,12787.959999999777,0.7882092113000195
holding_2,reset_all,206610001,1650005.1099999996,1621700.5899999999,28304.519999999833,1.7453604058934078
holding_2,no_reset,202610001,1664211.31,1639762.4,24448.910000000196,1.4910032087575706
holding_2,no_reset,203610001,1654168.7,1651687.8,2480.900000000233,0.15020393079127345
holding_2,no_reset,204610001,1619184.77,1594676.9799999997,24507.790000000085,1.5368498013936511
holding_2,no_reset,205610001,1635194.78,1608431.95,26762.82999999989,1.6639081311459945
holding_2,no_reset,206610001,1650005.1099999996,1638869.6,11135.509999999544,0.6794628443897881
holding_2,informed,202610001,1664211.31,1721064.33,56853.02000000006,3.3033640293968567
holding_2,informed,203610001,1654168.7,1720745.3599999999,66576.65999999977,3.869059394122087
holding_2,informed,204610001,1619184.77,1721165.1699999995,101980.39999999986,5.92507922990328
holding_2,informed,205610001,1635194.78,1720570.3299999996,85375.54999999977,4.96204941532379
holding_2,informed,206610001,1650005.1099999996,1720190.4100000001,70185.3000000006,4.080089017587333
shortage_0.5,fixed_schedule,202610001,1654750.0699999998,1625119.22,29630.85000000023,1.8233031543371852
shortage_0.5,fixed_schedule,203610001,1684431.5800000005,1699991.9900000002,-15560.410000000056,-0.9153225480785754
shortage_0.5,fixed_schedule,204610001,1701850.1200000003,1702083.5400000003,-233.41999999983236,-0.013713780464613709
shortage_0.5,fixed_schedule,205610001,1728280.5700000003,1709109.3800000001,19171.19000000013,1.1217064410471012
shortage_0.5,fixed_schedule,206610001,1690291.0999999996,1704511.9500000004,-14220.850000000233,-0.8343062657906732
shortage_0.5,d2as2,202610001,1654750.0699999998,1627710.3800000001,27039.690000000177,1.6612101472253136
shortage_0.5,d2as2,203610001,1684431.5800000005,1640898.8000000003,43532.779999999984,2.652983840319723
shortage_0.5,d2as2,204610001,1701850.1200000003,1628210.2099999997,73639.9100000003,4.522752010012308
shortage_0.5,d2as2,205610001,1728280.5700000003,1629358.9499999997,98921.62000000034,6.071198737393046
shortage_0.5,d2as2,206610001,1690291.0999999996,1619638.4399999997,70652.66000000024,4.362248897970089
shortage_0.5,ppo,202610001,1654750.0699999998,1577382.1,77367.97000000006,4.904833774898278
shortage_0.5,ppo,203610001,1684431.5800000005,1606643.9500000002,77787.63000000003,4.841622190156092
shortage_0.5,ppo,204610001,1701850.1200000003,1500080.8199999998,201769.30000000034,13.450561950388815
shortage_0.5,ppo,205610001,1728280.5700000003,1576972.4599999997,151308.11000000028,9.594847965829446
shortage_0.5,ppo,206610001,1690291.0999999996,1473519.3499999999,216771.75,14.71115733906038
shortage_0.5,no_exploration,202610001,1654750.0699999998,1600455.23,54294.84000000022,3.3924622808724147
shortage_0.5,no_exploration,203610001,1684431.5800000005,1613283.98,71147.60000000033,4.410110115889241
shortage_0.5,no_exploration,204610001,1701850.1200000003,1618418.0699999998,83432.05000000037,5.155160557494302
shortage_0.5,no_exploration,205610001,1728280.5700000003,1635086.0299999998,93194.54000000027,5.699671961603177
shortage_0.5,no_exploration,206610001,1690291.0999999996,1616480.3499999999,73810.75000000015,4.566139637886707
shortage_0.5,no_substitution,202610001,1654750.0699999998,1585451.9400000002,69298.1299999998,4.370875474156577
shortage_0.5,no_substitution,203610001,1684431.5800000005,1585455.5799999996,98976.00000000042,6.242748220041646
shortage_0.5,no_substitution,204610001,1701850.1200000003,1585134.4900000002,116715.62999999998,7.363137370129401
shortage_0.5,no_substitution,205610001,1728280.5700000003,1585075.97,143204.60000000018,9.034557504521398
shortage_0.5,no_substitution,206610001,1690291.0999999996,1584978.52,105312.57999999975,6.644416859352744
shortage_0.5,reset_all,202610001,1654750.0699999998,1645499.9,9250.170000000206,0.56214953279547
shortage_0.5,reset_all,203610001,1684431.5800000005,1671027.19,13404.390000000178,0.8021646853035704
shortage_0.5,reset_all,204610001,1701850.1200000003,1647386.08,54464.04000000046,3.3060883942882575
shortage_0.5,reset_all,205610001,1728280.5700000003,1667790.4200000002,60490.15,3.626963512597712
shortage_0.5,reset_all,206610001,1690291.0999999996,1656553.34,33737.759999999966,2.0366238252249422
shortage_0.5,no_reset,202610001,1654750.0699999998,1653031.19,1718.8800000002607,0.10398351890746164
shortage_0.5,no_reset,203610001,1684431.5800000005,1674639.6600000001,9791.920000000066,0.584718028235423
shortage_0.5,no_reset,204610001,1701850.1200000003,1648249.2200000002,53600.90000000018,3.251990011559061
shortage_0.5,no_reset,205610001,1728280.5700000003,1729823.7400000002,-1543.169999999972,-0.08920966710746642
shortage_0.5,no_reset,206610001,1690291.0999999996,1686853.33,3437.7700000000186,0.20379780143656906
shortage_0.5,informed,202610001,1654750.0699999998,1751368.0699999998,96617.99999999996,5.516715855165728
shortage_0.5,informed,203610001,1684431.5800000005,1751248.3399999999,66816.75999999959,3.8153789199308714
shortage_0.5,informed,204610001,1701850.1200000003,1751469.0200000003,49618.89999999981,2.8329875911821665
shortage_0.5,informed,205610001,1728280.5700000003,1750545.2599999998,22264.689999999806,1.2718717138452895
shortage_0.5,informed,206610001,1690291.0999999996,1750498.8200000003,60207.720000000394,3.4394607589624457
shortage_1.5,fixed_schedule,202610001,1669837.4600000002,1713289.61,-43452.14999999981,-2.5361824262740904
shortage_1.5,fixed_schedule,203610001,1602135.4100000001,1710538.2899999998,-108402.88000000016,-6.337354775028139
shortage_1.5,fixed_schedule,204610001,1615860.9100000001,1703498.69,-87637.77999999984,-5.14457572021965
shortage_1.5,fixed_schedule,205610001,1656780.1400000001,1703269.9800000004,-46489.84000000027,-2.7294463324011797
shortage_1.5,fixed_schedule,206610001,1646028.4200000002,1683007.95,-36979.530000000304,-2.1972284801150104
shortage_1.5,d2as2,202610001,1669837.4600000002,1581328.66,88508.80000000013,5.597116035321859
shortage_1.5,d2as2,203610001,1602135.4100000001,1596055.46,6079.949999999813,0.3809360108326177
shortage_1.5,d2as2,204610001,1615860.9100000001,1584975.6800000002,30885.229999999934,1.9486248520860572
shortage_1.5,d2as2,205610001,1656780.1400000001,1581983.89,74796.25000000023,4.728003266834799
shortage_1.5,d2as2,206610001,1646028.4200000002,1582180.8899999994,63847.530000000355,4.035412790253126
shortage_1.5,ppo,202610001,1669837.4600000002,1568117.07,101720.39000000004,6.486785454098789
shortage_1.5,ppo,203610001,1602135.4100000001,1574158.5299999998,27976.880000000216,1.7772593717101897
shortage_1.5,ppo,204610001,1615860.9100000001,1546557.1900000002,69303.71999999993,4.481161152533904
shortage_1.5,ppo,205610001,1656780.1400000001,1562925.72,93854.42000000011,6.005046740161148
shortage_1.5,ppo,206610001,1646028.4200000002,1466416.7600000002,179611.65999999983,12.248336550654257
shortage_1.5,no_exploration,202610001,1669837.4600000002,1675116.7400000005,-5279.280000000074,-0.3151589303561171
shortage_1.5,no_exploration,203610001,1602135.4100000001,1624386.23,-22250.81999999988,-1.3697986100263748
shortage_1.5,no_exploration,204610001,1615860.9100000001,1600092.2600000005,15768.64999999986,0.9854837995403883
shortage_1.5,no_exploration,205610001,1656780.1400000001,1615539.22,41240.9200000002,2.552765014271839
shortage_1.5,no_exploration,206610001,1646028.4200000002,1596659.2000000002,49369.219999999645,3.0920324136797612
shortage_1.5,no_substitution,202610001,1669837.4600000002,1582660.1800000002,87177.27999999998,5.508275314034882
shortage_1.5,no_substitution,203610001,1602135.4100000001,1582747.17,19388.24000000013,1.2249739167121825
shortage_1.5,no_substitution,204610001,1615860.9100000001,1582030.4,33830.51000000034,2.1384235094344737
shortage_1.5,no_substitution,205610001,1656780.1400000001,1582523.97,74256.17000000011,4.69226194406396
shortage_1.5,no_substitution,206610001,1646028.4200000002,1582582.71,63445.71000000006,4.0089980510402645
shortage_1.5,reset_all,202610001,1669837.4600000002,1619468.6,50368.8600000001,3.1102091142736636
shortage_1.5,reset_all,203610001,1602135.4100000001,1628795.5100000002,-26660.10000000014,-1.6367984707914678
shortage_1.5,reset_all,204610001,1615860.9100000001,1619860.3699999999,-3999.4599999995903,-0.2469015276915337
shortage_1.5,reset_all,205610001,1656780.1400000001,1616178.23,40601.910000000105,2.512217356126629
shortage_1.5,reset_all,206610001,1646028.4200000002,1627508.14,18520.27999999998,1.137953141051587
shortage_1.5,no_reset,202610001,1669837.4600000002,1673013.86,-3176.399999999907,-0.18986094950820712
shortage_1.5,no_reset,203610001,1602135.4100000001,1636850.28,-34714.87000000007,-2.1208335560171014
shortage_1.5,no_reset,204610001,1615860.9100000001,1609693.9499999997,6166.960000000521,0.38311382110869147
shortage_1.5,no_reset,205610001,1656780.1400000001,1636400.2100000002,20379.930000000073,1.2454123310091687
shortage_1.5,no_reset,206610001,1646028.4200000002,1648434.59,-2406.170000000065,-0.14596696857713506
shortage_1.5,informed,202610001,1669837.4600000002,1727179.1700000004,57341.71000000001,3.319963035450467
shortage_1.5,informed,203610001,1602135.4100000001,1726931.05,124795.64000000004,7.226440221802711
shortage_1.5,informed,204610001,1615860.9100000001,1727277.0899999999,111416.17999999961,6.450394128715024
shortage_1.5,informed,205610001,1656780.1400000001,1726283.75,69503.60999999968,4.026198474034171
shortage_1.5,informed,206610001,1646028.4200000002,1726260.4099999997,80231.98999999995,4.647733883904546
shortage_2,fixed_schedule,202610001,1621078.11,1682308.8,-61230.69000000004,-3.6396819656415005
shortage_2,fixed_schedule,203610001,1639175.0500000003,1698705.9100000001,-59530.85999999987,-3.50448300965762
shortage_2,fixed_schedule,204610001,1621878.6199999999,1699430.65,-77552.02999999998,-4.563412458166506
shortage_2,fixed_schedule,205610001,1653442.9300000002,1684382.5699999998,-30939.640000000083,-1.83685348869406
shortage_2,fixed_schedule,206610001,1617799.8699999996,1668729.1400000001,-50929.270000000346,-3.0519794242941356
shortage_2,d2as2,202610001,1621078.11,1563030.5599999998,58047.550000000236,3.7137821540738325
shortage_2,d2as2,203610001,1639175.0500000003,1573140.5699999998,66034.48000000007,4.197621068281295
shortage_2,d2as2,204610001,1621878.6199999999,1563687.6800000002,58190.93999999962,3.721391473775614
shortage_2,d2as2,205610001,1653442.9300000002,1562052.29,91390.64000000009,5.850677380332775
shortage_2,d2as2,206610001,1617799.8699999996,1560110.1699999995,57689.700000000325,3.697796547278466
shortage_2,ppo,202610001,1621078.11,1572349.17,48728.9399999999,3.0991169728540755
shortage_2,ppo,203610001,1639175.0500000003,1580520.03,58655.02000000021,3.711121585722659
shortage_2,ppo,204610001,1621878.6199999999,1557847.9300000002,64030.689999999944,4.110201565052611
shortage_2,ppo,205610001,1653442.9300000002,1557227.44,96215.48999999999,6.178640802784738
shortage_2,ppo,206610001,1617799.8699999996,1404444.5100000002,213355.35999999996,15.19144106305769
shortage_2,no_exploration,202610001,1621078.11,1626918.24,-5840.129999999842,-0.3589688686507005
shortage_2,no_exploration,203610001,1639175.0500000003,1589682.1299999997,49492.92000000039,3.1133846865348254
shortage_2,no_exploration,204610001,1621878.6199999999,1602811.5699999998,19067.04999999991,1.1896002223143454
shortage_2,no_exploration,205610001,1653442.9300000002,1605033.6199999999,48409.30999999987,3.016093208066277
shortage_2,no_exploration,206610001,1617799.8699999996,1588984.1300000001,28815.73999999971,1.8134693390549799
shortage_2,no_substitution,202610001,1621078.11,1581333.3599999996,39744.75000000023,2.5133694770089763
shortage_2,no_substitution,203610001,1639175.0500000003,1581125.0100000002,58050.0399999999,3.671438983815709
shortage_2,no_substitution,204610001,1621878.6199999999,1580619.2799999998,41259.339999999946,2.610327516693336
shortage_2,no_substitution,205610001,1653442.9300000002,1581267.5199999998,72175.41000000024,4.564402233469033
shortage_2,no_substitution,206610001,1617799.8699999996,1581170.15,36629.71999999988,2.316621016403563
shortage_2,reset_all,202610001,1621078.11,1604932.8499999996,16145.260000000195,1.0059772905763926
shortage_2,reset_all,203610001,1639175.0500000003,1618020.23,21154.820000000203,1.3074508963339908
shortage_2,reset_all,204610001,1621878.6199999999,1602810.4,19068.22000000002,1.1896740874653655
shortage_2,reset_all,205610001,1653442.9300000002,1608969.7499999998,44473.180000000124,2.7640780692117057
shortage_2,reset_all,206610001,1617799.8699999996,1604604.6900000004,13195.179999999376,0.8223321346517586
shortage_2,no_reset,202610001,1621078.11,1616495.48,4582.629999999981,0.2834916680373348
shortage_2,no_reset,203610001,1639175.0500000003,1629462.5500000003,9712.49999999986,0.5960554294420574
shortage_2,no_reset,204610001,1621878.6199999999,1604229.0599999998,17649.560000000103,1.1001895203170087
shortage_2,no_reset,205610001,1653442.9300000002,1635042.5899999999,18400.340000000084,1.12537374332251
shortage_2,no_reset,206610001,1617799.8699999996,1611963.4,5836.469999999693,0.3620721165257065
shortage_2,informed,202610001,1621078.11,1715235.9300000004,94157.82000000025,5.489496713143146
shortage_2,informed,203610001,1639175.0500000003,1714883.7700000003,75708.72000000012,4.414801826481801
shortage_2,informed,204610001,1621878.6199999999,1715304.47,93425.85000000005,5.446604473665255
shortage_2,informed,205610001,1653442.9300000002,1714132.7,60689.77000000006,3.540552607158115
shortage_2,informed,206610001,1617799.8699999996,1713975.5099999998,96175.6399999999,5.611261038379722
seasons_15,fixed_schedule,202610001,1695880.6200000003,1688354.55,7526.070000000065,0.44576359864699616
seasons_15,fixed_schedule,203610001,1640955.2399999998,1693916.7099999997,-52961.47000000007,-3.1265687201350048
seasons_15,fixed_schedule,204610001,1635901.3599999999,1656868.29,-20966.93000000012,-1.2654554454657447
seasons_15,fixed_schedule,205610001,1648270.48,1705918.9199999995,-57648.43999999967,-3.3793188717315767
seasons_15,fixed_schedule,206610001,1641797.64,1690810.2700000003,-49012.63000000031,-2.898765808892345
seasons_15,d2as2,202610001,1695880.6200000003,1541071.5999999999,154809.02000000034,10.045543633404217
seasons_15,d2as2,203610001,1640955.2399999998,1541925.6,99029.6399999999,6.422465519737117
seasons_15,d2as2,204610001,1635901.3599999999,1542160.4099999997,93740.95000000027,6.078547302352303
seasons_15,d2as2,205610001,1648270.48,1539059.8299999998,109210.65000000018,7.095932716273945
seasons_15,d2as2,206610001,1641797.64,1536032.6600000001,105764.9799999999,6.885594476877837
seasons_15,ppo,202610001,1695880.6200000003,1570412.3899999997,125468.23000000053,7.989508411863759
seasons_15,ppo,203610001,1640955.2399999998,1547302.3599999999,93652.87999999974,6.052655409896738
seasons_15,ppo,204610001,1635901.3599999999,1531215.26,104686.10000000018,6.836798374122777
seasons_15,ppo,205610001,1648270.48,1543219.9300000002,105050.54999999986,6.807231293338714
seasons_15,ppo,206610001,1641797.64,1462549.9300000002,179247.70999999988,12.255835258902902
seasons_15,no_exploration,202610001,1695880.6200000003,1632043.72,63836.90000000018,3.9114699696893154
seasons_15,no_exploration,203610001,1640955.2399999998,1590418.28,50536.95999999977,3.1775892314316034
seasons_15,no_exploration,204610001,1635901.3599999999,1603318.7700000003,32582.589999999713,2.0321966292454503
seasons_15,no_exploration,205610001,1648270.48,1613260.2899999998,35010.190000000315,2.170151352327663
seasons_15,no_exploration,206610001,1641797.64,1609593.25,32204.38999999985,2.0007781469013923
seasons_15,no_substitution,202610001,1695880.6200000003,1581857.9100000001,114022.71000000011,7.208151204933455
seasons_15,no_substitution,203610001,1640955.2399999998,1581605.2,59350.03999999976,3.752519275986182
seasons_15,no_substitution,204610001,1635901.3599999999,1581896.2900000003,54005.06999999979,3.413945044399819
seasons_15,no_substitution,205610001,1648270.48,1582077.4000000001,66193.07999999999,4.183934363767527
seasons_15,no_substitution,206610001,1641797.64,1581711.8800000001,60085.75999999978,3.7987803442432115
seasons_15,reset_all,202610001,1695880.6200000003,1598720.7100000004,97159.90999999996,6.07735356102317
seasons_15,reset_all,203610001,1640955.2399999998,1608559.7400000002,32395.49999999972,2.0139444743282913
seasons_15,reset_all,204610001,1635901.3599999999,1601769.58,34131.77999999989,2.130879523882567
seasons_15,reset_all,205610001,1648270.48,1602219.6700000004,46050.80999999987,2.874188281560641
seasons_15,reset_all,206610001,1641797.64,1598382.6400000001,43414.99999999977,2.7161831537409444
seasons_15,no_reset,202610001,1695880.6200000003,1718590.69,-22710.0699999996,-1.3214356467856578
seasons_15,no_reset,203610001,1640955.2399999998,1701866.15,-60910.910000000105,-3.579065838990931
seasons_15,no_reset,204610001,1635901.3599999999,1673316.7000000002,-37415.34000000022,-2.2359987203857052
seasons_15,no_reset,205610001,1648270.48,1680236.81,-31966.330000000075,-1.9024895663367876
seasons_15,no_reset,206610001,1641797.64,1664879.4800000002,-23081.84000000027,-1.3863970501937062
seasons_15,informed,202610001,1695880.6200000003,1737614.3500000003,41733.72999999989,2.401783226525493
seasons_15,informed,203610001,1640955.2399999998,1737355.4599999997,96400.22000000002,5.548675686666906
seasons_15,informed,204610001,1635901.3599999999,1737414.8200000003,101513.46,5.842787734480152
seasons_15,informed,205610001,1648270.48,1736565.31,88294.83000000007,5.0844520209838855
seasons_15,informed,206610001,1641797.64,1736777.9,94980.26000000001,5.468762586166027
